lat,long,Well No.
22.82404039,72.582305,ABHT-1
22.98141731,72.656994,AMBD-1
22.93997838,72.684325,AMBD-10
22.9564629,72.646138,AMBD-100
23.00893197,72.674542,AMBD-101
22.98880368,72.666749,AMBD-102
22.96033662,72.664688,AMBD-103
23.0069927,72.667432,AMBD-104
23.01248984,72.671109,AMBD-105
22.99789102,72.675845,AMBD-106
22.92279083,72.669367,AMBD-107
23.00036792,72.673052,AMBD-108
22.90740573,72.693268,AMBD-109
22.95141151,72.687945,AMBD-11
22.99726376,72.668868,AMBD-110
23.00112983,72.670756,AMBD-111
22.93042901,72.701354,AMBD-112
23.00055951,72.688774,AMBD-113
23.00891781,72.670266,AMBD-114
23.00556792,72.673136,AMBD-115
23.00375403,72.676029,AMBD-116
23.04266828,72.683333,AMBD-117
23.0157845,72.662295,AMBD-118
23.01555164,72.66594,AMBD-119
22.99123352,72.662399,AMBD-12
22.99103679,72.669606,AMBD-120
23.01830757,72.66433,AMBD-121
23.0185177,72.667712,AMBD-122
23.01329271,72.667888,AMBD-123
23.0247566,72.719069,AMBD-124
22.97552595,72.673505,AMBD-125
23.01229376,72.669233,AMBD-126
23.01299055,72.663722,AMBD-127
22.91133843,72.685317,AMBD-128
22.91765128,72.681187,AMBD-129
22.92780266,72.691778,AMBD-13
22.92750418,72.678833,AMBD-130
22.90538845,72.685588,AMBD-131
22.94735035,72.657461,AMBD-132
22.91153919,72.733932,AMBD-133
22.95804873,72.667325,AMBD-134
23.00057413,72.678577,AMBD-135
22.95380991,72.67215,AMBD-136
22.93712092,72.67213,AMBD-137
22.95590365,72.665321,AMBD-138
22.94897248,72.660913,AMBD-139
22.96974343,72.659852,AMBD-14
22.93400504,72.702,AMBD-140
22.89151801,72.728571,AMBD-141
22.93424186,72.697304,AMBD-142
22.93350265,72.665003,AMBD-143
22.94062617,72.733821,AMBD-144
22.93122912,72.704139,AMBD-145
22.92290282,72.669316,AMBD-146
22.89159201,72.728534,AMBD-147
22.89170601,72.728561,AMBD-148
22.97731695,72.673487,AMBD-149
22.99435689,72.646459,AMBD-15
22.97725379,72.669365,AMBD-150
22.94054018,72.733969,AMBD-151
22.91497225,72.680408,AMBD-152
22.94052218,72.734057,AMBD-153
22.93995101,72.729207,AMBD-154
22.91679515,72.677801,AMBD-155
22.96327955,72.662781,AMBD-156
22.92355237,72.657577,AMBD-157
22.92289182,72.669154,AMBD-158
22.92296482,72.669136,AMBD-159
22.94069582,72.669488,AMBD-16
22.92165823,72.707103,AMBD-160
22.90159334,72.738031,AMBD-161
22.90037999,72.728022,AMBD-162
22.92837077,72.667926,AMBD-163
22.94938104,72.7593,AMBD-164
22.93102626,72.736231,AMBD-165
22.91165662,72.776066,AMBD-166
22.93978962,72.664176,AMBD-167
22.94037966,72.665223,AMBD-168
22.90231854,72.688021,AMBD-169
22.96489019,72.679617,AMBD-17
22.92494555,72.662137,AMBD-170
22.91958607,72.702577,AMBD-171
23.00735706,72.676961,AMBD-172
22.91816791,72.671493,AMBD-173
22.886093,72.728235,AMBD-174
22.90496211,72.703693,AMBD-175
22.89243125,72.735242,AMBD-176
22.92215982,72.669241,AMBD-177
22.90322118,72.705445,AMBD-178
22.92359872,72.666728,AMBD-179
22.95427352,72.661912,AMBD-18
22.89689334,72.737906,AMBD-180
23.00673677,72.669185,AMBD-181
22.92426663,72.664393,AMBD-182
22.90688219,72.705809,AMBD-183
22.89628417,72.733247,AMBD-184
22.91974084,72.669621,AMBD-185
22.89464737,72.738943,AMBD-186
22.92614893,72.726871,AMBD-187
22.91213135,72.738382,AMBD-188
22.99102923,72.681286,AMBD-189
22.93041777,72.722309,AMBD-19
22.88912325,72.735224,AMBD-190
22.90907132,72.737729,AMBD-191
22.89632129,72.736427,AMBD-192
22.91048426,72.735926,AMBD-193
22.88713223,72.734721,AMBD-194
23.00788657,72.664193,AMBD-195
22.95019591,72.755461,AMBD-196
22.99898289,72.672371,AMBD-197
22.91188705,72.73,AMBD-198
22.98355883,72.670366,AMBD-199
23.02614067,72.641256,AMBD-2
22.92875908,72.676119,AMBD-20
22.90801805,72.729882,AMBD-200
22.96026198,72.674139,AMBD-201
22.90359209,72.730992,AMBD-202
22.94026931,72.656191,AMBD-203
22.90825823,72.734926,AMBD-204
22.90593316,72.73305,AMBD-205
22.98449406,72.676585,AMBD-206
22.95032411,72.677464,AMBD-207
22.94527721,72.680035,AMBD-208
22.87812022,72.763298,AMBD-209
22.94308342,72.65904,AMBD-21
22.94672309,72.67676,AMBD-210
22.93682578,72.695105,AMBD-211
22.94800114,72.73321,AMBD-212
22.94797915,72.733314,AMBD-213
22.93673647,72.686679,AMBD-214
22.88567334,72.737842,AMBD-215
22.95053318,72.653095,AMBD-22
22.93634826,72.654935,AMBD-23
22.93401782,72.669537,AMBD-24
22.94795972,72.666959,AMBD-25
22.95549376,72.668315,AMBD-26
22.95880807,72.676298,AMBD-27
22.96202783,72.670228,AMBD-28
22.94834046,72.660142,AMBD-29
23.03777434,72.658658,AMBD-3
22.96321255,72.662869,AMBD-30
22.94022059,72.663627,AMBD-31
22.97686826,72.68178,AMBD-32
22.94265313,72.651725,AMBD-33
22.91380549,72.687,AMBD-34
22.90804735,72.682976,AMBD-35
22.99323627,72.682343,AMBD-36
22.92117307,72.730526,AMBD-37
23.00070834,72.658006,AMBD-38
22.9941289,72.699167,AMBD-39
22.95389193,72.672757,AMBD-4
22.93868043,72.659237,AMBD-40
22.94667757,72.663035,AMBD-41
22.95769046,72.660484,AMBD-42
22.95353437,72.658053,AMBD-43
22.94553027,72.655427,AMBD-44
22.95146543,72.659422,AMBD-45
22.92388728,72.681309,AMBD-46
22.93279541,72.658673,AMBD-47
22.95127461,72.664238,AMBD-48
22.95792139,72.658603,AMBD-49
23.0120065,72.636711,AMBD-5
22.95246771,72.666734,AMBD-50
22.90982464,72.690768,AMBD-51
22.93511399,72.700745,AMBD-52
22.9650067,72.666797,AMBD-53
22.96503194,72.673005,AMBD-54
22.90135235,72.738269,AMBD-55
22.96289003,72.675358,AMBD-56
22.99288936,72.658473,AMBD-58
22.96347811,72.65158,AMBD-59
22.97956298,72.674283,AMBD-6
22.91635133,72.682744,AMBD-60
22.93177655,72.688737,AMBD-61
22.90284139,72.711263,AMBD-62
22.99100113,72.65244,AMBD-63
22.99512106,72.650861,AMBD-64
22.99791527,72.656111,AMBD-65
22.99424719,72.653953,AMBD-66
22.99899011,72.652054,AMBD-67
23.00017542,72.660032,AMBD-68
22.92164923,72.707245,AMBD-69
22.98348365,72.640232,AMBD-7
22.98878027,72.656143,AMBD-70
22.99041198,72.648497,AMBD-71
22.91350563,72.690772,AMBD-72
22.96900893,72.672798,AMBD-73
22.99425689,72.6464,AMBD-74
22.94382774,72.66739,AMBD-75
22.97400418,72.679609,AMBD-76
22.91338174,72.693698,AMBD-77
22.91706146,72.686197,AMBD-78
22.94983289,72.671487,AMBD-79
22.96871671,72.667032,AMBD-80
22.91740859,72.689645,AMBD-81
22.96783503,72.675566,AMBD-82
22.9590969,72.671987,AMBD-83
22.9603768,72.669308,AMBD-84
22.93509602,72.67468,AMBD-85
22.98734607,72.650836,AMBD-86
22.99782647,72.661325,AMBD-87
22.96108738,72.658314,AMBD-88
22.95645124,72.654713,AMBD-89
23.01553003,72.650427,AMBD-9
23.01058063,72.665719,AMBD-90
23.00770623,72.655326,AMBD-91
22.97170472,72.693913,AMBD-92
22.90341391,72.725731,AMBD-93
22.92013538,72.684096,AMBD-94
22.90672558,72.689215,AMBD-95
22.9772558,72.669509,AMBD-96
22.91922618,72.678646,AMBD-97
22.92846577,72.66805,AMBD-98
23.01747681,72.670516,AMBD-99
22.75527812,72.507482,AMBL-1
22.7554087,72.498328,AMBL-2
23.36633696,72.654124,AMJA-1
23.20045555,72.232764,BAAD-1
22.98131871,72.749931,BKRL-1
23.10169741,72.587485,BKRL-1C
22.00048457,72.729656,BKRL-2
23.03227434,72.769434,BKRL-3
22.987909,72.758499,BKRL-4
22.96881896,72.728266,BKRL-5
23.00877432,72.711012,BKRL-6
23.0347691,72.792442,BKRL-7
23.00266598,72.886804,BKRL-INFB
23.26879371,72.284537,BLSR-1
22.81715085,72.383299,BOLA-1
22.82298308,72.369133,BOLA-2
22.79742871,72.361912,BOLA-3
22.84298165,72.361634,BOLA-4
22.79631822,72.389687,BOLA-5
22.84020336,72.356357,BOLA-6
22.80370292,72.295779,BOLA-7
23.24201698,72.339316,BRSN-1
23.42418227,72.716219,BTPR-1
23.16588236,72.834479,DHGM-1
22.70274053,72.537554,DHLK-1
22.67494119,72.529393,DHLK-10
22.69827345,72.535645,DHLK-11
22.69660772,72.541614,DHLK-12
22.70674559,72.538976,DHLK-13
22.69619052,72.537031,DHLK-14
22.67874838,72.53369,DHLK-15
22.68964027,72.531367,DHLK-16
22.68946426,72.531146,DHLK-17
22.6995234,72.534393,DHLK-18
22.7053564,72.534671,DHLK-19
22.70280406,72.549341,DHLK-2
22.70221485,72.522266,DHLK-3
22.67333043,72.534595,DHLK-4
22.7321607,72.541893,DHLK-5
22.68263562,72.539181,DHLK-6
22.71700875,72.542712,DHLK-7
22.70180418,72.529635,DHLK-8
22.7007187,72.541206,DHLK-9
0,70.5112561,DTRJ-1
22.33684549,72.507848,DTRJ-3
23.32245492,72.151402,DTRJ-4
0,70.5112561,DTRJ-5
0,70.5112561,GLDR-1
0,70.5112561,GLDR-2
23.05556996,72.852659,GMIJ-1
23.09883419,72.861015,GMIJ-10
22.85329531,72.896053,GMIJ-100
23.01016194,72.851278,GMIJ-101
22.8827944,72.86493,GMIJ-102
22.88864742,72.865475,GMIJ-103
22.99542918,72.859012,GMIJ-104
22.98461303,72.853812,GMIJ-105
22.91279936,72.863959,GMIJ-106
22.8963074,72.865106,GMIJ-107
23.01122613,72.857623,GMIJ-108
22.8825771,72.854586,GMIJ-109
23.0509123,72.86385,GMIJ-11
22.89889825,72.860066,GMIJ-110
23.02987487,72.883168,GMIJ-111
22.95943511,72.85624,GMIJ-112
22.92068333,72.863106,GMIJ-113
22.93415335,72.863729,GMIJ-114
22.94335165,72.874168,GMIJ-115
22.93996889,72.848391,GMIJ-116
22.90574659,72.871499,GMIJ-117
22.93354,72.852063,GMIJ-118
22.87010673,72.94902,GMIJ-119
23.06773511,72.857786,GMIJ-12
22.9670682,72.859197,GMIJ-120
22.93002141,72.865704,GMIJ-121
22.93335083,72.846309,GMIJ-122
22.94118334,72.863479,GMIJ-123
23.00131024,72.86097,GMIJ-124
22.96337732,72.863122,GMIJ-125
22.95188783,72.846622,GMIJ-126
22.9912731,72.85639,GMIJ-127
22.97319006,72.854769,GMIJ-128
23.03789692,72.850948,GMIJ-129
23.05564415,72.825881,GMIJ-13
22.89597331,72.896711,GMIJ-130
23.06060405,72.855732,GMIJ-131
22.87384951,72.903513,GMIJ-132
22.86446517,72.891416,GMIJ-133
22.91752852,72.904811,GMIJ-134
23.02498104,72.854846,GMIJ-135
23.03273805,72.855162,GMIJ-136
22.96619927,72.861499,GMIJ-137
22.97793205,72.854451,GMIJ-138
22.88579834,72.862916,GMIJ-139
23.01069381,72.846935,GMIJ-14
22.92865914,72.89111,GMIJ-140
23.03018999,72.853086,GMIJ-141
23.01393296,72.851711,GMIJ-142
23.03637505,72.855344,GMIJ-143
23.01080482,72.847015,GMIJ-144
22.85942854,72.869306,GMIJ-145
23.01070582,72.847052,GMIJ-146
23.00643895,72.851414,GMIJ-147
23.0051843,72.863114,GMIJ-148
22.87316691,72.882373,GMIJ-149
23.01069381,72.846935,GMIJ-14_Z
23.13012534,72.866483,GMIJ-15
22.9117933,72.861928,GMIJ-150
22.87327391,72.882429,GMIJ-151
22.87337592,72.882486,GMIJ-152
23.06076906,72.855789,GMIJ-153
22.87325191,72.882331,GMIJ-154
22.84667685,72.879859,GMIJ-155
22.87335391,72.882387,GMIJ-156
22.84668786,72.879983,GMIJ-157
22.90355966,72.873875,GMIJ-158
23.01520516,72.858673,GMIJ-159
22.85764552,72.903878,GMIJ-16
22.84669686,72.880115,GMIJ-160
22.90347765,72.873799,GMIJ-161
22.84675585,72.879916,GMIJ-162
22.90348366,72.873882,GMIJ-163
22.84676586,72.880041,GMIJ-164
22.90339465,72.873723,GMIJ-165
22.90499084,72.880289,GMIJ-166
22.90331865,72.87373,GMIJ-167
22.90499284,72.880406,GMIJ-168
22.90683666,72.874045,GMIJ-169
23.00299367,72.875935,GMIJ-17
22.90504584,72.880346,GMIJ-170
22.90331165,72.873648,GMIJ-171
23.05817732,72.831556,GMIJ-172
23.03483301,72.854034,GMIJ-173
23.03920407,72.85607,GMIJ-174
22.90860887,72.881318,GMIJ-175
22.96091899,72.851937,GMIJ-176
22.95390276,72.913944,GMIJ-177
22.96947702,72.853155,GMIJ-178
22.94796776,72.844103,GMIJ-179
22.83532642,72.899828,GMIJ-18
22.86797592,72.882428,GMIJ-180
22.87096591,72.88238,GMIJ-181
22.86890186,72.880443,GMIJ-182
22.87110281,72.878871,GMIJ-183
22.86787982,72.879063,GMIJ-184
23.07560892,72.851518,GMIJ-185
23.06250908,72.856566,GMIJ-186
23.00337405,72.854622,GMIJ-187
23.00020889,72.849488,GMIJ-188
23.06976419,72.860394,GMIJ-189
22.92994152,72.904686,GMIJ-19
22.92828394,72.849956,GMIJ-190
22.88682741,72.937134,GMIJ-191
22.8622053,72.93265,GMIJ-192
22.83502146,72.938339,GMIJ-193
23.06011307,72.856192,GMIJ-194
23.061057,72.853877,GMIJ-195
22.96135611,72.856073,GMIJ-196
23.05083003,72.854651,GMIJ-197
22.96012026,72.86132,GMIJ-198
22.86902923,72.858793,GMIJ-199
23.03866826,72.862465,GMIJ-2
22.91998244,72.866729,GMIJ-20
22.96934612,72.856728,GMIJ-200
22.95220902,72.852948,GMIJ-201
22.95452186,72.847482,GMIJ-202
22.97155894,72.850722,GMIJ-203
22.89207938,72.864268,GMIJ-204
22.95591875,72.844008,GMIJ-205
22.97519408,72.855413,GMIJ-206
22.90040218,72.268804,GMIJ-207
23.02283607,72.855846,GMIJ-208
22.99925816,72.858453,GMIJ-209
23.02449234,72.864854,GMIJ-21
22.89418551,72.868715,GMIJ-210
23.01372595,72.851683,GMIJ-211
22.99380795,72.851115,GMIJ-212
23.00260318,72.859011,GMIJ-213
23.04848311,72.857459,GMIJ-214
23.00253318,72.859014,GMIJ-215
23.07322022,72.861611,GMIJ-216
0,70.5112561,GMIJ-217
22.86916011,72.854577,GMIJ-218
22.85812396,72.883736,GMIJ-219
23.02860209,72.856535,GMIJ-22
23.08915438,72.86706,GMIJ-220
22.90913699,72.8855,GMIJ-221
22.9071754,72.900129,GMIJ-222
22.89377037,72.89882,GMIJ-23
22.98911129,72.862589,GMIJ-24
22.95150825,72.860594,GMIJ-25
22.97629398,72.851814,GMIJ-26
22.93172732,72.862627,GMIJ-27
22.90034746,72.867152,GMIJ-28
22.96931124,72.860486,GMIJ-29
22.9561742,72.859101,GMIJ-3
23.07905402,72.854972,GMIJ-30
23.02509005,72.854972,GMIJ-31
23.00522482,72.846933,GMIJ-32
22.98215598,72.851988,GMIJ-33
23.02998299,72.853158,GMIJ-34
23.04808592,72.851209,GMIJ-35
23.01703992,72.850511,GMIJ-36
23.03648774,72.845004,GMIJ-37
23.10836498,72.854086,GMIJ-38
23.06707172,72.844834,GMIJ-39
22.93894405,72.853775,GMIJ-4
23.03617406,72.855432,GMIJ-40
22.88388644,72.866072,GMIJ-41
22.98787353,72.870821,GMIJ-42
22.98837697,72.851744,GMIJ-43
22.84608567,72.873592,GMIJ-44
22.98913286,72.848293,GMIJ-45
22.99376094,72.851031,GMIJ-46
23.03788492,72.851024,GMIJ-47
23.04032408,72.856237,GMIJ-48
23.05103702,72.854575,GMIJ-49
23.04572503,72.85478,GMIJ-5
23.03459592,72.850855,GMIJ-50
23.06540699,72.853767,GMIJ-51
23.05342791,72.850805,GMIJ-52
22.9033962,72.858443,GMIJ-53
23.03174294,72.851459,GMIJ-54
22.99163783,72.881396,GMIJ-55
23.04550784,72.848253,GMIJ-55_Z
23.04517291,72.850706,GMIJ-56
23.04352397,72.852507,GMIJ-57
22.92714881,72.845586,GMIJ-58
23.0255389,72.850021,GMIJ-59
23.02735699,72.853074,GMIJ-6
23.01491116,72.858611,GMIJ-60
22.86910223,72.858839,GMIJ-61
23.03469814,72.858093,GMIJ-62
23.01986905,72.8551,GMIJ-63
23.07984649,72.837437,GMIJ-64
23.07929292,72.851624,GMIJ-65
22.91698237,72.864392,GMIJ-66
22.9342392,72.85891,GMIJ-67
22.96317719,72.858738,GMIJ-68
23.03758437,72.832768,GMIJ-69
22.95319311,72.855871,GMIJ-7
23.0204399,72.849994,GMIJ-70
22.94664026,72.861086,GMIJ-71
22.96460784,72.847027,GMIJ-72
22.97998863,72.874085,GMIJ-73
22.87380026,72.9313,GMIJ-74
22.90463175,72.91283,GMIJ-75
22.92679233,72.862951,GMIJ-76
22.97784833,72.830506,GMIJ-77
23.01303394,72.851091,GMIJ-78
22.97887995,72.851134,GMIJ-79
22.90351637,72.864115,GMIJ-8
22.99792426,72.861813,GMIJ-80
22.91369145,72.866946,GMIJ-81
22.92423134,72.863502,GMIJ-82
22.90435444,72.938605,GMIJ-83
23.07403781,72.847803,GMIJ-84
23.06102764,72.842059,GMIJ-85
23.04189506,72.890154,GMIJ-86
23.11151592,72.852122,GMIJ-87
23.10735709,72.857487,GMIJ-88
23.10719691,72.851622,GMIJ-89
22.92845523,72.859792,GMIJ-8A
22.99789926,72.861728,GMIJ-9
23.0594435,72.837227,GMIJ-90
22.94869114,72.856777,GMIJ-91
22.98446091,72.84974,GMIJ-92
22.93780427,72.861154,GMIJ-93
22.90627644,72.866665,GMIJ-94
22.95276829,72.896805,GMIJ-95
23.10960701,72.855105,GMIJ-96
23.11180609,72.857575,GMIJ-97
22.98065189,72.848991,GMIJ-98
22.89720405,72.887527,GMIJ-99
23.007364,72.853051,GMSN-1
22.84741353,72.941326,HLSA-1
23.36239963,72.446165,HLSA-10
23.23478071,72.814593,HLSA-11
23.23483071,72.814678,HLSA-12
23.28531546,72.747563,HLSA-13
23.2937742,72.769295,HLSA-14
23.13647887,72.818065,HLSA-15
23.14473825,72.863562,HLSA-16
23.31940571,72.755344,HLSA-17
23.29988511,72.796987,HLSA-18
23.21257108,72.794722,HLSA-2
23.13723059,72.841406,HLSA-3
23.26462202,72.824833,HLSA-4
23.28160634,72.77318,HLSA-5
23.23695208,72.795048,HLSA-6
23.2199259,72.820436,HLSA-7
23.18358833,72.83361,HLSA-8
23.23893799,72.823633,HLSA-9
23.18806695,72.854254,HLSA-STR-4
23.25897255,72.779145,HRPR-1
23.1921323,72.832804,HRPR-2
23.21746788,72.819864,HRPR-3
22.94569484,72.783255,HRPR-4
22.93154454,72.77395,HRPRPP-5
22.94644749,72.803408,HRPRPP-6
22.96894707,72.790453,HRPRPP-7
22.94848245,72.77147,INDR-1
22.94882173,72.779972,INDR-10
22.94424957,72.774903,INDR-2
23.20546488,72.701992,INDR-3
23.21218533,72.742602,INDR-4
0,70.5112561,INDR-5
23.2550723,72.7144,INDR-6
0,70.5112561,INDR-7
23.2274323,72.833334,INDR-8
0,70.5112561,INDR-INFA
0,70.5112561,JLRA-1
23.28325133,72.715653,JLRA-10
0,70.5112561,JLRA-100
23.18212855,72.366084,JLRA-101
23.21502628,72.344165,JLRA-102
23.19458823,72.342803,JLRA-103
23.19141535,72.344958,JLRA-104
23.19326739,72.345675,JLRA-105
23.19143635,72.344857,JLRA-106
23.18672538,72.345406,JLRA-107
23.18875842,72.346181,JLRA-108
23.19597643,72.34639,JLRA-109
23.19645142,72.346187,JLRA-11
23.19701312,72.340959,JLRA-110
23.17745447,72.364635,JLRA-111
23.18946208,72.340138,JLRA-112
23.18992243,72.346227,JLRA-113
23.20369583,72.371512,JLRA-114
23.21469252,72.348277,JLRA-115
23.19659664,72.35009,JLRA-116
23.21087186,72.336648,JLRA-117
23.19178089,72.354404,JLRA-118
23.18845122,72.342662,JLRA-119
23.20026443,72.346487,JLRA-12
23.19498743,72.346377,JLRA-120
23.19498843,72.346378,JLRA-121
23.18605256,72.348547,JLRA-122
23.19163872,72.351477,JLRA-123
23.19241524,72.343042,JLRA-124
23.20898691,72.355163,JLRA-125
23.18760209,72.35795,JLRA-126
23.19573001,72.338984,JLRA-127
23.20589857,72.348981,JLRA-128
23.21260686,72.336808,JLRA-129
23.20583049,72.347685,JLRA-13
23.18724521,72.342393,JLRA-130
23.18536629,72.343747,JLRA-131
23.20936411,72.340982,JLRA-132
23.21706383,72.33622,JLRA-133
23.21251452,72.330742,JLRA-134
23.20535742,72.32902,JLRA-135
23.21722962,72.332695,JLRA-136
23.2061047,72.351351,JLRA-137
23.20614617,72.342003,JLRA-138
23.20617814,72.341545,JLRA-139
23.18510804,72.357061,JLRA-14
23.18205983,72.353265,JLRA-140
23.20787638,72.345733,JLRA-141
23.1874998,72.35281,JLRA-142
23.20699106,72.340174,JLRA-143
23.18975168,72.350786,JLRA-144
23.17240644,72.346086,JLRA-145
23.21590479,72.335501,JLRA-146
23.21856086,72.336863,JLRA-147
23.20933196,72.338362,JLRA-148
23.21077662,72.332468,JLRA-149
23.21437061,72.332414,JLRA-15
23.19222861,72.349603,JLRA-150
23.20656226,72.343605,JLRA-151
23.18713954,72.348182,JLRA-152
23.21951379,72.335704,JLRA-153
23.17706177,72.352158,JLRA-154
23.19799226,72.361254,JLRA-155
23.20044271,72.351421,JLRA-156
23.21342224,72.343383,JLRA-157
23.18020589,72.354194,JLRA-158
23.21068074,72.334662,JLRA-159
23.21285367,72.333424,JLRA-16
23.2157667,72.333987,JLRA-160
23.18998143,72.346271,JLRA-161
23.19427977,72.352408,JLRA-17
23.2088569,72.337332,JLRA-18
23.21926003,72.339756,JLRA-19
23.17897604,72.356887,JLRA-2
23.20540826,72.379417,JLRA-20
23.1684357,72.368583,JLRA-20A
23.18926329,72.3438,JLRA-21
23.19988462,72.349818,JLRA-22
23.20012638,72.328199,JLRA-23
23.18601793,72.373028,JLRA-24
23.20763406,72.340075,JLRA-25
23.20828302,72.339381,JLRA-26
23.21287713,72.341528,JLRA-27
23.21261523,72.325812,JLRA-29
23.1971119,72.337181,JLRA-3
23.20223399,72.338732,JLRA-30
23.19552224,72.343005,JLRA-31
23.20436564,72.350309,JLRA-32
23.20596033,72.344895,JLRA-33
23.18550452,72.347803,JLRA-34
23.20100131,72.344454,JLRA-35
23.19599792,72.355188,JLRA-36
23.19183713,72.358752,JLRA-37
23.19438458,72.349001,JLRA-38
23.22070925,72.343739,JLRA-39
23.19446296,72.355853,JLRA-4
23.19868959,72.349298,JLRA-40
23.18976054,72.348204,JLRA-41
23.1920602,72.342261,JLRA-42
23.18396981,72.352956,JLRA-43
23.18603165,72.350116,JLRA-44
23.20443575,72.334694,JLRA-45
23.16824071,72.368861,JLRA-46
23.18531407,72.33996,JLRA-47
23.2564866,72.315901,JLRA-48
23.20968947,72.329903,JLRA-49
23.21831302,72.339567,JLRA-5
23.21111249,72.347738,JLRA-50
23.20172204,72.357393,JLRA-51
23.21374668,72.333556,JLRA-52
23.1842499,72.336924,JLRA-53
23.16782419,72.37744,JLRA-54
23.1978195,72.347711,JLRA-55
23.18157624,72.342778,JLRA-56
23.20763655,72.331296,JLRA-57
23.20419075,72.334621,JLRA-58
23.21131593,72.337966,JLRA-59
23.20044281,72.33558,JLRA-6
23.19188546,72.34688,JLRA-60
23.2187997,72.333966,JLRA-61
23.19456908,72.340267,JLRA-62
23.1612962,72.359417,JLRA-63
23.2030325,72.347764,JLRA-64
23.20567689,72.337203,JLRA-65
23.21458389,72.337319,JLRA-66
23.19923712,72.341054,JLRA-67
23.20972726,72.343755,JLRA-68
23.19649127,72.343599,JLRA-69
23.20402917,72.341975,JLRA-7
23.19835128,72.343857,JLRA-70
23.19900929,72.344015,JLRA-71
23.19955229,72.343997,JLRA-72
23.20003022,72.342716,JLRA-73
23.19520366,72.350492,JLRA-74
23.19902637,72.345476,JLRA-75
23.18902884,72.353546,JLRA-76
23.19442142,72.34627,JLRA-77
23.19054471,72.351226,JLRA-78
23.19165873,72.351567,JLRA-79
23.21559507,72.340385,JLRA-8
23.21465612,72.341239,JLRA-80
23.20382343,72.346559,JLRA-81
23.21157402,72.339482,JLRA-82
23.20429199,72.338769,JLRA-83
23.18443565,72.350169,JLRA-84
23.1968719,72.354747,JLRA-85
23.1875307,72.350976,JLRA-86
23.21102027,72.343791,JLRA-87
23.19100466,72.332835,JLRA-88
23.20964961,72.349864,JLRA-89
23.19319874,72.351837,JLRA-9
23.20419325,72.34343,JLRA-90
23.21215967,72.333421,JLRA-91
23.20779621,72.342833,JLRA-92
23.20151805,72.357454,JLRA-93
23.19911894,72.355486,JLRA-94
23.21791567,72.351025,JLRA-95
23.18304551,72.347662,JLRA-96
23.22278359,72.332252,JLRA-97
23.20900273,72.334319,JLRA-98
23.18629998,72.355952,JLRA-99
23.20197913,72.341165,JVNP-1
23.20387131,72.344416,KLOL-1
23.20016782,72.335731,KLOL-100
23.20456806,72.340095,KLOL-101
23.20856592,72.337653,KLOL-102
23.19807435,72.345104,KLOL-103
23.20335032,72.344618,KLOL-104
23.20221082,72.335908,KLOL-105
23.19338751,72.347856,KLOL-106
23.20636177,72.335004,KLOL-107
22.96631303,72.488013,KLOL-108
23.19775374,72.550829,KLOL-109
23.24043288,72.5323,KLOL-110
23.28520844,72.461062,KLOL-111
23.29828285,72.449416,KLOL-112
23.31402017,72.456076,KLOL-113
23.30705376,72.467761,KLOL-113A
23.27219305,72.473121,KLOL-114
23.30472386,72.449788,KLOL-115
23.17981631,72.586355,KLOL-116
23.21217401,72.534661,KLOL-117
23.26858821,72.497097,KLOL-118
23.18615475,72.528621,KLOL-119
23.19228566,72.526836,KLOL-12
23.21838689,72.577404,KLOL-120
23.31046604,72.473575,KLOL-121
23.31048303,72.473381,KLOL-122
23.20396817,72.583569,KLOL-123
23.224157,72.534806,KLOL-124
23.30757615,72.455668,KLOL-125
23.27524286,72.489782,KLOL-126
23.25533544,72.480751,KLOL-127
23.18501185,72.599292,KLOL-128
23.20192604,72.535169,KLOL-129
23.22272913,72.560048,KLOL-130
23.25127503,72.493017,KLOL-131
23.32905172,72.447481,KLOL-132
23.20697593,72.577998,KLOL-133
23.31328574,72.46754,KLOL-134
23.28471344,72.523488,KLOL-135
23.32524236,72.460048,KLOL-136
23.30099438,72.480408,KLOL-137
23.26919261,72.527087,KLOL-138
23.31670446,72.461916,KLOL-139
23.27890348,72.461611,KLOL-140
23.27794997,72.534924,KLOL-141
23.28963697,72.47179,KLOL-142
23.31100986,72.449786,KLOL-143
23.24194972,72.486459,KLOL-144
23.17263479,72.597704,KLOL-145
23.22784669,72.572756,KLOL-146
23.23251235,72.54257,KLOL-147
23.27557176,72.467196,KLOL-148
23.31786894,72.451563,KLOL-149
23.22995671,72.550589,KLOL-15
23.28728362,72.464568,KLOL-150
23.23017424,72.562647,KLOL-151
23.32654302,72.453402,KLOL-152
23.19852619,72.58387,KLOL-153
23.20094947,72.590497,KLOL-154
23.19440835,72.587672,KLOL-155
23.28215212,72.454536,KLOL-156
23.28032002,72.472706,KLOL-157
23.18878745,72.589925,KLOL-158
23.31741564,72.465601,KLOL-159
23.20827865,72.571533,KLOL-16
23.28246668,72.528662,KLOL-160
23.27551133,72.478912,KLOL-161
23.26903234,72.47904,KLOL-162
23.28491205,72.473395,KLOL-163
23.26873674,72.466685,KLOL-164
23.28749896,72.451388,KLOL-165
23.26284936,72.479246,KLOL-166
23.16132505,72.603814,KLOL-167
23.18936519,72.607491,KLOL-168
23.27952384,72.468925,KLOL-169
23.22445276,72.507933,KLOL-17
23.18516313,72.582359,KLOL-170
23.23140892,72.578115,KLOL-171
23.26115784,72.489209,KLOL-172
23.19602298,72.556178,KLOL-173
23.27328748,72.524333,KLOL-174
23.28135023,72.456771,KLOL-175
23.23717423,72.51824,KLOL-176
23.18940356,72.56926,KLOL-177
23.20267468,72.572298,KLOL-178
23.18082843,72.566076,KLOL-179
23.18594953,72.523837,KLOL-18
23.2057792,72.561324,KLOL-180
23.20885905,72.580823,KLOL-181
23.27397539,72.480152,KLOL-182
23.23602566,72.549587,KLOL-183
23.22699739,72.543509,KLOL-184
23.25359122,72.496907,KLOL-185
23.29799001,72.452707,KLOL-185A
23.25547398,72.471334,KLOL-186
23.21959306,72.581217,KLOL-187
23.21555953,72.569056,KLOL-188
23.23066628,72.519269,KLOL-189
23.29383175,72.447448,KLOL-19
23.2373718,72.488036,KLOL-190
23.27217984,72.532048,KLOL-191
23.18013156,72.546396,KLOL-192
23.27884798,72.471908,KLOL-193
23.27735814,72.454824,KLOL-194
23.2771651,72.454042,KLOL-195
23.24582438,72.479466,KLOL-196
23.26587704,72.472719,KLOL-197
23.17854419,72.560525,KLOL-198
23.174842,72.53393,KLOL-199
23.29744641,72.460594,KLOL-1A
23.25969673,72.466367,KLOL-2
23.19059896,72.578453,KLOL-20
23.23179424,72.497159,KLOL-200
23.28203112,72.516708,KLOL-21
23.27925787,72.511243,KLOL-22
23.22188378,72.529885,KLOL-221
23.2579484,72.459766,KLOL-222
23.2537717,72.465607,KLOL-223
23.25148523,72.476424,KLOL-224
23.30325263,72.506527,KLOL-225
23.19822575,72.550863,KLOL-226
23.19268732,72.541302,KLOL-227
23.1572813,72.540329,KLOL-228
23.30791771,72.487228,KLOL-229
23.14659415,72.582247,KLOL-230
23.2140801,72.582034,KLOL-231
23.21503532,72.49836,KLOL-232
23.31562554,72.44361,KLOL-233
23.31249042,72.502303,KLOL-234
23.29912006,72.515661,KLOL-235
23.25666225,72.540741,KLOL-236
23.28545174,72.552212,KLOL-237
23.20011988,72.576793,KLOL-238
23.21222731,72.563913,KLOL-239
23.19537934,72.564203,KLOL-24
23.24550226,72.477054,KLOL-240
23.2195429,72.510907,KLOL-241
23.32393729,72.438808,KLOL-242
23.3134988,72.489359,KLOL-243
23.30619436,72.522255,KLOL-244
23.29408265,72.506688,KLOL-245
23.23736766,72.464539,KLOL-246
23.2666859,72.555516,KLOL-247
23.33794016,72.456402,KLOL-248
23.34688433,72.459838,KLOL-249
23.17983502,72.512736,KLOL-25
23.32856364,72.486316,KLOL-250
23.26988975,72.529981,KLOL-251
23.28110934,72.521293,KLOL-252
23.26914826,72.477334,KLOL-253
23.3184963,72.438903,KLOL-254
23.31105859,72.527166,KLOL-255
23.23274102,72.513607,KLOL-256
23.29843339,72.460147,KLOL-257
23.25445088,72.489962,KLOL-258
23.27647209,72.474093,KLOL-259
23.2893868,72.448346,KLOL-26
23.19609909,72.581555,KLOL-260
23.21053243,72.566479,KLOL-261
23.20103274,72.573501,KLOL-262
23.29029634,72.521487,KLOL-263
23.13616045,72.58904,KLOL-264
23.28760012,72.516672,KLOL-265
23.2952783,72.52061,KLOL-266
23.31121487,72.533298,KLOL-267
23.29465596,72.513359,KLOL-268
23.29942348,72.503373,KLOL-269
23.27225936,72.521544,KLOL-27
23.3050174,72.501643,KLOL-270
23.29890482,72.510451,KLOL-271
23.304436,72.514316,KLOL-272
23.22116015,72.474217,KLOL-273
23.29504233,72.500049,KLOL-274
23.29504233,72.500049,KLOL-275
23.28819765,72.528133,KLOL-276
23.20487162,72.570769,KLOL-277
23.21863854,72.50309,KLOL-278
23.21072507,72.581385,KLOL-279
23.18946406,72.557915,KLOL-28
23.28245839,72.440162,KLOL-280
23.20006589,72.554135,KLOL-281
23.20891504,72.535307,KLOL-282
23.22312192,72.578171,KLOL-283
23.19649848,72.567538,KLOL-284
23.20540786,72.576282,KLOL-285
23.2276368,72.530373,KLOL-286
23.21926171,72.573225,KLOL-287
23.19947136,72.542295,KLOL-288
23.20090246,72.590402,KLOL-289
23.21835501,72.534794,KLOL-29
23.21879449,72.59129,KLOL-290
23.21367872,72.573326,KLOL-291
23.19766842,72.543597,KLOL-292
23.18436952,72.591427,KLOL-293
23.22011528,72.540913,KLOL-294
23.21070186,72.576429,KLOL-295
23.18786551,72.545325,KLOL-296
23.20492264,72.571323,KLOL-297
23.23815961,72.526361,KLOL-298
23.20857351,72.568497,KLOL-299
23.18242716,72.537513,KLOL-3
23.23648713,72.53781,KLOL-30
23.1835142,72.560908,KLOL-300
23.24352764,72.527211,KLOL-301
23.20856344,72.566857,KLOL-302
23.20301536,72.542366,KLOL-303
23.18561983,72.575273,KLOL-304
23.23684032,72.520207,KLOL-305
23.20846311,72.559254,KLOL-306
23.20912841,72.543607,KLOL-307
23.19799131,72.563549,KLOL-308
23.23228754,72.524894,KLOL-309
23.18834316,72.560008,KLOL-31
23.17645366,72.504899,KLOL-310
23.20326548,72.567621,KLOL-311
23.19798488,72.531606,KLOL-312
23.31414932,72.439359,KLOL-313
23.23408183,72.509528,KLOL-314
23.20165251,72.568265,KLOL-315
23.19429146,72.522364,KLOL-316
23.20857387,72.55389,KLOL-317
23.26978745,72.502189,KLOL-318
23.20409628,72.54067,KLOL-319
23.24902591,72.469867,KLOL-32
23.30461156,72.443881,KLOL-320
23.26832705,72.472984,KLOL-321
23.26759396,72.4918,KLOL-322
23.27206838,72.459578,KLOL-323
23.25516394,72.470599,KLOL-324
23.25985087,72.489802,KLOL-325
23.30175874,72.487874,KLOL-326
23.27513221,72.456271,KLOL-327
23.2410044,72.47969,KLOL-328
23.25728809,72.494377,KLOL-329
23.29563724,72.477479,KLOL-33
23.30482609,72.474514,KLOL-330
23.30331922,72.456966,KLOL-331
23.30754212,72.495843,KLOL-332
23.30616249,72.482633,KLOL-333
23.30289023,72.47733,KLOL-334
23.27806807,72.473698,KLOL-335
23.26115218,72.496396,KLOL-336
23.32574578,72.468511,KLOL-337
23.19530909,72.536193,KLOL-338
23.31285454,72.463438,KLOL-339
23.2361807,72.485945,KLOL-34
23.279008,72.472138,KLOL-340
23.20710647,72.544924,KLOL-341
23.2620071,72.473917,KLOL-342
23.26673245,72.481212,KLOL-343
23.25457879,72.487972,KLOL-344
23.1787631,72.581509,KLOL-345
23.26338418,72.475648,KLOL-346
23.28873427,72.478011,KLOL-347
23.28908777,72.509183,KLOL-348
23.1945162,72.561135,KLOL-349
23.27977695,72.451061,KLOL-35
23.28826695,72.53479,KLOL-350
23.26505466,72.465152,KLOL-351
23.2740322,72.540052,KLOL-352
23.19051136,72.564687,KLOL-353
23.28509499,72.51379,KLOL-354
23.24810461,72.463731,KLOL-355
23.32033448,72.524927,KLOL-356
23.20861287,72.553901,KLOL-357
23.28257484,72.510693,KLOL-358
23.32324146,72.462035,KLOL-359
23.26181611,72.537805,KLOL-36
23.2483288,72.509232,KLOL-360
23.18171456,72.568971,KLOL-361
23.24215639,72.521835,KLOL-361_A
23.3269752,72.456961,KLOL-362
23.30143734,72.521646,KLOL-363
23.30133716,72.496637,KLOL-364
23.29910629,72.499362,KLOL-365
23.32256697,72.472368,KLOL-366
23.29726164,72.528113,KLOL-367
23.30767984,72.510982,KLOL-368
23.2958381,72.495125,KLOL-369
23.34863324,72.419095,KLOL-37
23.32147651,72.443142,KLOL-370
23.27536437,72.543686,KLOL-371
23.27544637,72.543727,KLOL-372
23.31413832,72.439316,KLOL-373
23.28866243,72.501962,KLOL-374
23.19129316,72.516002,KLOL-375
23.24353227,72.540956,KLOL-376
23.31022157,72.444101,KLOL-377
23.31595095,72.47183,KLOL-378
23.13806782,72.574364,KLOL-379
23.2425531,72.515441,KLOL-38
23.23480252,72.482151,KLOL-380
23.21961019,72.495883,KLOL-381
23.23470784,72.531453,KLOL-382
23.33093934,72.439929,KLOL-383
23.29561795,72.534759,KLOL-384
23.24076539,72.543745,KLOL-385
23.22547227,72.540779,KLOL-386
23.17265941,72.56539,KLOL-387
23.31147031,72.542962,KLOL-388
23.31225129,72.542541,KLOL-389
23.21665075,72.529054,KLOL-39
23.23119153,72.569106,KLOL-390
23.34862724,72.419061,KLOL-391
23.33751842,72.44163,KLOL-392
23.3156214,72.523225,KLOL-393
23.32187505,72.43418,KLOL-394
23.2609116,72.548569,KLOL-395
23.24874478,72.487679,KLOL-396
23.28177224,72.541121,KLOL-397
23.20755144,72.500794,KLOL-398
23.25392079,72.509026,KLOL-399
23.25563218,72.47558,KLOL-4
23.25593586,72.469033,KLOL-40
23.28881797,72.492462,KLOL-400
23.17451232,72.541062,KLOL-401
23.3168178,72.448805,KLOL-402
23.1294386,72.592477,KLOL-403
23.14123128,72.585023,KLOL-404
23.25401634,72.499488,KLOL-405
23.21743357,72.503719,KLOL-406
23.16148213,72.581969,KLOL-407
23.153924,72.57869,KLOL-408
23.15000754,72.591356,KLOL-409
23.31442466,72.550846,KLOL-410
23.20275419,72.560876,KLOL-411
23.37234365,72.487088,KLOL-412
23.17423065,72.548424,KLOL-413
23.23540969,72.506549,KLOL-414
23.18253437,72.542122,KLOL-415
23.25146638,72.543611,KLOL-415_Z
23.17648858,72.524778,KLOL-416
23.2699601,72.537639,KLOL-417
23.19333877,72.574042,KLOL-418
23.29110838,72.54437,KLOL-419
23.2677604,72.544405,KLOL-42
23.29372456,72.526297,KLOL-420
23.18957844,72.521856,KLOL-421
23.2085344,72.500073,KLOL-422
23.21515291,72.489811,KLOL-423
23.2976595,72.525067,KLOL-424
23.24482386,72.510468,KLOL-425
23.283381,72.535696,KLOL-426
23.283381,72.535696,KLOL-427
23.30244517,72.518063,KLOL-428
23.21266544,72.500855,KLOL-429
23.17141766,72.548465,KLOL-43
23.19334251,72.545621,KLOL-430
23.19607264,72.5712,KLOL-431
23.27101216,72.475375,KLOL-432
23.30293966,72.52868,KLOL-433
23.27793915,72.475179,KLOL-434
23.18558437,72.54223,KLOL-435
23.17666865,72.570984,KLOL-436
23.3296246,72.549799,KLOL-436_Z
23.29353952,72.442799,KLOL-437
23.32898269,72.508322,KLOL-438
23.28217494,72.471119,KLOL-439
23.17867967,72.595024,KLOL-44
23.38152009,72.455585,KLOL-440
23.28548069,72.486448,KLOL-441
23.14671232,72.540483,KLOL-442
23.19833766,72.595086,KLOL-443
23.21346196,72.578843,KLOL-444
23.33188271,72.467341,KLOL-445
23.1968357,72.506173,KLOL-446
23.19118564,72.594443,KLOL-447
23.19108564,72.594444,KLOL-448
23.1545773,72.562752,KLOL-449
23.16004845,72.589392,KLOL-45
23.3307508,72.577018,KLOL-450
23.22316171,72.550411,KLOL-451
23.34539978,72.44884,KLOL-452
23.22429223,72.496628,KLOL-453
23.25310592,72.470156,KLOL-454
23.26040737,72.5436,KLOL-455
23.26373402,72.492977,KLOL-456
23.23345894,72.470193,KLOL-457
23.13756443,72.565296,KLOL-458
23.28183705,72.493837,KLOL-459
23.24589952,72.546595,KLOL-46
23.30566099,72.535966,KLOL-460
23.27296847,72.461477,KLOL-461
23.27880274,72.467,KLOL-461_Z
23.2041513,72.519247,KLOL-462
23.33601026,72.542357,KLOL-463
23.23793202,72.55771,KLOL-464
23.20891851,72.591653,KLOL-465
23.22545422,72.517819,KLOL-466
23.20169221,72.496011,KLOL-467
23.32598707,72.434624,KLOL-468
23.17857595,72.601548,KLOL-469
23.27035359,72.548695,KLOL-47
23.33059614,72.455888,KLOL-470
23.26130349,72.546201,KLOL-471
23.27589689,72.533129,KLOL-472
23.27539289,72.533134,KLOL-473
23.28283868,72.507205,KLOL-474
23.27078737,72.54362,KLOL-475
23.26555817,72.53913,KLOL-476
23.33954974,72.553035,KLOL-477
23.22180837,72.565452,KLOL-478
23.18347167,72.548893,KLOL-479
23.31341299,72.558258,KLOL-48
23.35547552,72.548438,KLOL-480
23.23939101,72.49228,KLOL-481
23.26747369,72.550699,KLOL-482
23.34822367,72.446822,KLOL-483
23.14870776,72.596544,KLOL-484
23.24569058,72.570561,KLOL-485
23.17255106,72.557621,KLOL-486
23.21212769,72.549884,KLOL-487
23.2380194,72.566352,KLOL-488
23.34742899,72.433518,KLOL-489
23.34399734,72.566687,KLOL-49
23.31918054,72.424242,KLOL-490
23.24377271,72.550779,KLOL-491
23.30662119,72.540259,KLOL-492
23.31004606,72.537483,KLOL-493
23.26431071,72.507524,KLOL-494
23.17873532,72.540991,KLOL-495
23.25227279,72.575608,KLOL-496
23.22595761,72.504693,KLOL-497
23.27448028,72.564276,KLOL-498
23.27846957,72.526272,KLOL-499
23.28098957,72.526228,KLOL-5
23.24936504,72.535945,KLOL-50
23.30095577,72.467967,KLOL-500
23.17389084,72.552495,KLOL-501
23.28776936,72.543743,KLOL-502
23.19925488,72.448389,KLOL-503
23.22226839,72.50008,KLOL-504
23.30223449,72.503605,KLOL-505
23.18635432,72.586783,KLOL-506
23.28906573,72.508439,KLOL-507
23.29956117,72.539795,KLOL-508
23.29633087,72.533181,KLOL-509
23.29923566,72.486108,KLOL-51
23.21038657,72.547068,KLOL-510
23.18713577,72.551133,KLOL-511
23.21598864,72.505277,KLOL-512
23.29407185,72.490071,KLOL-513
23.300885,72.472674,KLOL-514
23.32472868,72.44657,KLOL-515
23.30155491,72.512413,KLOL-516
23.30351004,72.494137,KLOL-517
23.27993253,72.504089,KLOL-518
23.31110337,72.460015,KLOL-519
23.23643423,72.476152,KLOL-52
23.26825229,72.520101,KLOL-520
23.33489908,72.474761,KLOL-521
23.3037888,72.468603,KLOL-522
23.20255816,72.583279,KLOL-523
23.30782259,72.46448,KLOL-524
23.22163763,72.463722,KLOL-525
23.31084979,72.48901,KLOL-526
23.23945822,72.475935,KLOL-527
23.19885334,72.587561,KLOL-528
23.20163589,72.576917,KLOL-529
23.19240546,72.590302,KLOL-53
23.30560638,72.460097,KLOL-530
23.21335043,72.52217,KLOL-531
23.18124641,72.612692,KLOL-532
23.27518899,72.451795,KLOL-533
23.27969051,72.482699,KLOL-534
23.30013027,72.457878,KLOL-535
23.23622661,72.594521,KLOL-536
23.25513693,72.578791,KLOL-537
23.24839659,72.4838,KLOL-538
23.21690237,72.565244,KLOL-539
23.26173664,72.485004,KLOL-54
23.26963197,72.471486,KLOL-540
23.19695346,72.544364,KLOL-541
23.13219296,72.554621,KLOL-542
23.17254087,72.531061,KLOL-543
23.22844869,72.485482,KLOL-544
23.20386299,72.534093,KLOL-545
23.27234736,72.521566,KLOL-546
23.28462243,72.523436,KLOL-547
23.2829857,72.529142,KLOL-548
23.30012284,72.532497,KLOL-549
23.21213244,72.500963,KLOL-55
23.24010585,72.510022,KLOL-550
23.30489246,72.461756,KLOL-551
23.26861083,72.489112,KLOL-552
23.27165451,72.546846,KLOL-553
23.17755374,72.550372,KLOL-554
23.23539438,72.521507,KLOL-555
23.25602875,72.574731,KLOL-556
23.25884809,72.582691,KLOL-557
23.25019669,72.5733,KLOL-558
23.25776079,72.575655,KLOL-559
23.25257402,72.580871,KLOL-56
23.25025394,72.578932,KLOL-560
23.20436754,72.546357,KLOL-561
23.19350216,72.58308,KLOL-562
23.1837494,72.588731,KLOL-563
23.26011617,72.584465,KLOL-564
23.26064769,72.573426,KLOL-565
23.26021092,72.578775,KLOL-566
23.25521016,72.584289,KLOL-567
23.25011718,72.584472,KLOL-568
23.26504062,72.571798,KLOL-569
23.26342879,72.575759,KLOL-57
23.15740257,72.616189,KLOL-570
23.29187447,72.461709,KLOL-571
23.26288606,72.581971,KLOL-572
23.27042195,72.579458,KLOL-573
23.32063482,72.554677,KLOL-574
23.26840184,72.576961,KLOL-575
23.25735028,72.587084,KLOL-576
23.25773957,72.570649,KLOL-577
23.29902965,72.506954,KLOL-578
23.26876062,72.571979,KLOL-579
23.33298055,72.548755,KLOL-58
23.26558576,72.575104,KLOL-580
23.22995807,72.536426,KLOL-581
23.27084572,72.574294,KLOL-582
23.26611945,72.56797,KLOL-583
23.3335164,72.545359,KLOL-584
23.33471443,72.546006,KLOL-585
23.26521092,72.578665,KLOL-586
23.26815406,72.582069,KLOL-587
23.29776712,72.560949,KLOL-588
23.30333157,72.52667,KLOL-589
23.30107471,72.5296,KLOL-59
23.30275567,72.528926,KLOL-590
23.26518293,72.533804,KLOL-591
23.34087351,72.547939,KLOL-592
23.33971458,72.549516,KLOL-593
23.29668677,72.531037,KLOL-594
23.29859394,72.53474,KLOL-595
23.33774957,72.42509,KLOL-596
23.29431668,72.528979,KLOL-597
23.29827792,72.534134,KLOL-598
23.29247895,72.534755,KLOL-599
23.25788164,72.549555,KLOL-60
23.34515518,72.437062,KLOL-600
23.26581537,72.521751,KLOL-601
23.29401196,72.534995,KLOL-602
23.29170708,72.537719,KLOL-603
23.34458358,72.444974,KLOL-604
23.25227822,72.540048,KLOL-605
23.2042698,72.530121,KLOL-606
23.26388847,72.545785,KLOL-607
23.32063882,72.554695,KLOL-607-ML1
23.27606347,72.524018,KLOL-607-ML2
23.2051981,72.536619,KLOL-608
23.31853029,72.438834,KLOL-609
23.2509946,72.526555,KLOL-61
23.32283716,72.41705,KLOL-610
23.30066203,72.536764,KLOL-611
23.25993538,72.589537,KLOL-612
23.25341032,72.587879,KLOL-613
23.21605909,72.493622,KLOL-614
23.25598543,72.590451,KLOL-615
23.27540071,72.574088,KLOL-616
23.17081594,72.554685,KLOL-617
23.169717,72.556153,KLOL-618
23.16869499,72.555864,KLOL-619
23.25095241,72.590099,KLOL-62
23.30487436,72.420497,KLOL-620
23.28806477,72.467728,KLOL-621
23.31965642,72.568204,KLOL-622
23.28028055,72.52591,KLOL-623
23.2319722,72.475411,KLOL-624
23.22840595,72.470257,KLOL-625
23.29980542,72.523321,KLOL-626
23.2391029,72.469417,KLOL-627
23.26051544,72.567732,KLOL-628
23.23317469,72.465175,KLOL-629
23.134638,72.533288,KLOL-63
23.23955905,72.472545,KLOL-630
23.29475278,72.467946,KLOL-631
23.22482657,72.569999,KLOL-632
23.30378991,72.534062,KLOL-633
23.3287922,72.437157,KLOL-634
23.14970158,72.568996,KLOL-635
23.33198717,72.436639,KLOL-636
23.27883924,72.519127,KLOL-637
23.25546077,72.552391,KLOL-638
23.23713165,72.464446,KLOL-639
23.32583828,72.438691,KLOL-64
23.25361058,72.570733,KLOL-640
23.23871302,72.513698,KLOL-641
23.34183713,72.436159,KLOL-642
23.24695782,72.576047,KLOL-643
23.2436458,72.467619,KLOL-644
23.30268468,72.573815,KLOL-645
23.25787545,72.545206,KLOL-646
23.22862072,72.465641,KLOL-647
23.22609116,72.47451,KLOL-648
23.24841656,72.593409,KLOL-649
23.25294347,72.591494,KLOL-65
23.25155766,72.595965,KLOL-650
23.25773257,72.504426,KLOL-651
23.26895938,72.420219,KLOL-652
23.25526455,72.593345,KLOL-653
23.34063334,72.440087,KLOL-654
23.34166952,72.44365,KLOL-655
23.33303224,72.438093,KLOL-656
23.33510509,72.435249,KLOL-657
23.34684355,72.444397,KLOL-658
23.34871242,72.441955,KLOL-659
23.31785816,72.43619,KLOL-66
23.34348537,72.440759,KLOL-660
23.27489541,72.501415,KLOL-661
23.28385098,72.513677,KLOL-662
23.27913613,72.516666,KLOL-663
23.2632514,72.566725,KLOL-664
23.19250872,72.550128,KLOL-665
23.25207456,72.593497,KLOL-666
23.2494847,72.596735,KLOL-667
23.25378669,72.596643,KLOL-668
23.25340344,72.590678,KLOL-669
23.25483358,72.594049,KLOL-67
23.34046467,72.446708,KLOL-670
23.2255235,72.523878,KLOL-671
23.32709972,72.427854,KLOL-672
23.25770448,72.568484,KLOL-673
23.33516124,72.438057,KLOL-674
23.35101598,72.433313,KLOL-675
23.34560148,72.443001,KLOL-676
23.34113625,72.438477,KLOL-677
23.34724143,72.442106,KLOL-678
23.32596989,72.431152,KLOL-679
23.32975202,72.433793,KLOL-68
23.34445495,72.432539,KLOL-680
23.22730146,72.50155,KLOL-681
23.32356383,72.469568,KLOL-682
23.32212562,72.425852,KLOL-683
23.28602192,72.512353,KLOL-684
23.24489297,72.603136,KLOL-685
23.24841189,72.601308,KLOL-686
23.24733205,72.581409,KLOL-687
23.28834466,72.506981,KLOL-688
23.18355379,72.597841,KLOL-689
23.18062482,72.575035,KLOL-69
23.17673664,72.570746,KLOL-690
23.2782484,72.522656,KLOL-691
23.24751973,72.597409,KLOL-692
23.27922839,72.501,KLOL-693
23.18166655,72.568877,KLOL-694
23.1704023,72.586026,KLOL-695
23.20568142,72.56616,KLOL-696
23.33503065,72.551039,KLOL-697
23.33502965,72.55104,KLOL-698
23.31924976,72.468033,KLOL-699
0,70.5112561,KLOL-7
23.24994495,72.602839,KLOL-70
23.24510609,72.606149,KLOL-700
23.21079872,72.52832,KLOL-701
23.31432439,72.46048,KLOL-702
23.26191238,72.479647,KLOL-703
23.16004745,72.589448,KLOL-704
23.20102773,72.573404,KLOL-705
23.28811278,72.467822,KLOL-706
23.2952583,72.520723,KLOL-707
23.30173374,72.487899,KLOL-708
23.31342081,72.48944,KLOL-709
23.18393942,72.500042,KLOL-71
23.28795307,72.290735,KLOL-710
23.1903131,72.536265,KLOL-711
23.26373671,72.486557,KLOL-712
23.28795358,72.299267,KLOL-713
23.26905162,72.527112,KLOL-714
23.28325299,72.535432,KLOL-715
23.27350151,72.524795,KLOL-716
23.33316319,72.437049,KLOL-717
23.24995396,72.602898,KLOL-718
23.26924262,72.527211,KLOL-719
23.31144982,72.449048,KLOL-72
23.31907453,72.424058,KLOL-720
23.27205753,72.59325,KLOL-721
23.22153704,72.513903,KLOL-722
23.33952773,72.552962,KLOL-723
23.33952773,72.552962,KLOL-724
23.28445443,72.523426,KLOL-725
23.21997168,72.527611,KLOL-726
23.24507509,72.606149,KLOL-727
23.24507509,72.606149,KLOL-728
23.27246768,72.528615,KLOL-729
23.1296426,72.592519,KLOL-73
23.14117327,72.584979,KLOL-730
23.15552636,72.611017,KLOL-731
23.28642603,72.536503,KLOL-732
23.29399077,72.530982,KLOL-733
23.30115314,72.455341,KLOL-734
23.23247198,72.534444,KLOL-735
23.29287415,72.517342,KLOL-736
23.29047596,72.513279,KLOL-737
23.30493809,72.516364,KLOL-738
23.3382439,72.451174,KLOL-739
23.32409845,72.442057,KLOL-74
23.32148874,72.447779,KLOL-740
23.34515204,72.454015,KLOL-741
23.31389904,72.494302,KLOL-742
23.32451011,72.45502,KLOL-743
23.29842505,72.473659,KLOL-744
23.26046503,72.558358,KLOL-745
23.33048298,72.452639,KLOL-75
23.25175975,72.551767,KLOL-76
23.26015225,72.563237,KLOL-77
23.22777511,72.51537,KLOL-78
23.2237199,72.469334,KLOL-79
23.3337298,72.449023,KLOL-8
23.22632641,72.566487,KLOL-80
23.35151298,72.452995,KLOL-81
23.2448867,72.596644,KLOL-82
23.26941912,72.516458,KLOL-83
23.24756372,72.597249,KLOL-84
23.13212596,72.554678,KLOL-85
23.1544963,72.562724,KLOL-86
23.134587,72.533253,KLOL-87
23.14963958,72.568934,KLOL-88
23.13455201,72.533364,KLOL-89
23.2631431,72.515853,KLOL-9
23.19261389,72.553987,KLOL-90
23.21888546,72.522843,KLOL-91
23.27592815,72.517123,KLOL-92
23.27141616,72.455101,KLOL-93
23.16609695,72.554992,KLOL-94
23.21397228,72.540649,KLOL-95
23.21676955,72.546844,KLOL-96
23.29414617,72.455765,KLOL-97
23.21349183,72.553076,KLOL-98
23.23281602,72.513557,KLOL-99
23.2746677,72.529033,KOLT-1
23.21390928,72.540722,KOLT-2
23.1987213,72.540904,KRNG-1
23.22157865,72.571769,KRNG-2
23.1918632,72.584058,KRNG-3
23.17404683,72.575217,KRNG-4
23.32057372,72.447213,KRNG-5
23.19808061,72.525751,KRSN-1
23.18325398,72.555983,KUKA-1
23.19270469,72.54962,LMBD-1
23.28188732,72.478884,LMBD-10
23.28849914,72.455089,LMBD-100
23.25045711,72.51585,LMBD-101
23.20423679,72.529721,LMBD-102
23.31045146,72.461784,LMBD-103
23.32002317,72.456302,LMBD-104
22.93186802,72.426629,LMBD-105
22.94908902,72.426907,LMBD-106
23.26365139,72.401375,LMBD-107
23.23626406,72.35828,LMBD-108
23.30115166,72.407165,LMBD-109
23.26067535,72.400564,LMBD-11
23.2671824,72.401726,LMBD-110
23.37697508,72.47564,LMBD-111
23.23073984,72.428578,LMBD-112
23.39236854,72.6696,LMBD-113
23.32760719,72.685532,LMBD-114
23.33928924,72.687034,LMBD-115
23.37356891,72.678754,LMBD-116
23.28963322,72.586184,LMBD-117
23.37043496,72.680103,LMBD-118
23.36908086,72.677447,LMBD-119
23.2640386,72.618643,LMBD-12
23.36690976,72.674897,LMBD-120
23.38107388,72.678193,LMBD-121
23.37762676,72.674869,LMBD-122
23.37955774,72.674485,LMBD-123
23.30848553,72.593649,LMBD-124
23.37883062,72.671313,LMBD-125
23.31623502,72.680971,LMBD-126
23.37894371,72.673666,LMBD-127
23.42002929,72.663555,LMBD-128
23.33512707,72.682333,LMBD-129
23.33352802,72.68111,LMBD-13
23.39121225,72.662108,LMBD-130
23.31814655,72.668647,LMBD-131
23.31825644,72.665643,LMBD-132
23.31276456,72.668793,LMBD-133
23.39387434,72.664248,LMBD-134
23.31906058,72.595145,LMBD-135
23.39645646,72.667515,LMBD-136
23.33931877,72.674532,LMBD-137
23.27709642,72.639216,LMBD-138
23.40452646,72.667664,LMBD-139
23.41216419,72.660716,LMBD-14
23.40088451,72.66885,LMBD-140
23.38473173,72.674251,LMBD-141
23.26557945,72.639726,LMBD-142
23.38424743,72.666541,LMBD-143
23.38742659,72.670808,LMBD-144
23.40261331,72.663695,LMBD-145
23.38353132,72.663666,LMBD-146
23.30751679,72.67468,LMBD-147
23.3506331,72.683499,LMBD-148
23.22852413,72.60681,LMBD-149
23.34711413,72.684188,LMBD-15
23.30560347,72.592366,LMBD-150
23.34190112,72.683998,LMBD-151
23.25893859,72.594451,LMBD-152
23.34505103,72.68154,LMBD-153
23.37219864,72.671897,LMBD-154
23.3839556,72.670993,LMBD-155
23.35842602,72.681627,LMBD-156
23.36715231,72.663087,LMBD-157
23.37768642,72.666295,LMBD-158
23.37977345,72.667086,LMBD-159
23.3763337,72.673539,LMBD-16
23.3864543,72.663221,LMBD-160
23.36173887,72.677505,LMBD-161
23.36643088,72.678088,LMBD-162
23.3413612,72.686056,LMBD-163
23.36222174,72.674167,LMBD-164
23.32365699,72.680223,LMBD-165
23.37944786,72.677512,LMBD-166
23.33251356,72.695552,LMBD-167
23.24491285,72.600337,LMBD-168
23.42181524,72.662124,LMBD-169
23.415347,72.6559,LMBD-17
23.41838723,72.661828,LMBD-170
23.33616126,72.687448,LMBD-171
23.33971994,72.679025,LMBD-172
23.33163105,72.681838,LMBD-173
23.34113691,72.678286,LMBD-174
23.32710603,72.681361,LMBD-175
23.33036118,72.685343,LMBD-176
23.43673707,72.632955,LMBD-177
23.40417923,72.661668,LMBD-178
23.26594112,72.631466,LMBD-179
23.3583504,72.665219,LMBD-18
23.38162863,72.671543,LMBD-180
23.41437011,72.658859,LMBD-181
23.32928532,72.688945,LMBD-182
23.40305643,72.666831,LMBD-183
23.40891119,72.660672,LMBD-184
23.39670822,72.587898,LMBD-185
23.33359898,72.680156,LMBD-186
23.26166156,72.642506,LMBD-188
23.41366932,72.664225,LMBD-189
23.34247603,72.681538,LMBD-19
23.42339007,72.657887,LMBD-190
23.28729719,72.585344,LMBD-191
23.39427426,72.662247,LMBD-192
23.4062784,72.666073,LMBD-193
23.37422864,72.67193,LMBD-194
23.3802126,72.670771,LMBD-195
23.38663243,72.66661,LMBD-196
23.37691456,72.669798,LMBD-197
23.41812855,72.644649,LMBD-198
23.30027453,72.593544,LMBD-199
23.26580408,72.630475,LMBD-1A
23.26758807,72.630234,LMBD-2
23.26979499,72.628474,LMBD-20
23.40966061,72.671574,LMBD-200
23.30204754,72.594005,LMBD-201
23.26544186,72.625114,LMBD-202
23.39884947,72.667779,LMBD-203
23.30604658,72.595013,LMBD-204
23.29216341,72.590624,LMBD-205
23.29893766,72.671083,LMBD-206
23.26503993,72.626752,LMBD-207
23.2680712,72.633533,LMBD-208
23.29055182,72.649454,LMBD-209
23.26668286,72.62519,LMBD-21
23.27011414,72.631962,LMBD-210
23.29903343,72.59133,LMBD-211
23.27430802,72.629227,LMBD-212
23.26969404,72.629504,LMBD-213
23.25316147,72.615449,LMBD-214
23.29951093,72.678232,LMBD-215
23.414025,72.656052,LMBD-216
23.41207068,72.673501,LMBD-217
23.29001032,72.588443,LMBD-218
23.09745771,72.618575,LMBD-219
23.40875043,72.666805,LMBD-22
23.4062296,72.67134,LMBD-220
23.40085748,72.668091,LMBD-221
23.37531677,72.675289,LMBD-222
23.31060388,72.651168,LMBD-223
23.25309847,72.615402,LMBD-224
23.39792068,72.673112,LMBD-225
23.25306247,72.615328,LMBD-226
23.36146497,72.680128,LMBD-227
23.30560447,72.592274,LMBD-228
23.25310848,72.615559,LMBD-229
23.28964621,72.585995,LMBD-23
23.26519479,72.623245,LMBD-230
23.26853231,72.611696,LMBD-231
23.26174057,72.642546,LMBD-232
23.26842931,72.61169,LMBD-233
23.26181357,72.642584,LMBD-234
23.26768906,72.630171,LMBD-235
23.26188757,72.64262,LMBD-236
23.34359613,72.68419,LMBD-237
23.26912087,72.625359,LMBD-238
23.272612,72.628603,LMBD-239
23.26915387,72.625376,LMBD-24
23.31913158,72.595085,LMBD-240
23.26416859,72.618513,LMBD-241
23.31913158,72.595085,LMBD-242
23.2853813,72.611672,LMBD-243
23.29831947,72.592242,LMBD-244
23.35817808,72.683015,LMBD-245
23.32576229,72.688053,LMBD-246
23.44335515,72.634985,LMBD-247
23.33102415,72.684615,LMBD-248
23.39024039,72.665605,LMBD-249
23.40497424,72.661988,LMBD-25
23.39501717,72.659945,LMBD-250
23.39108626,72.662167,LMBD-251
23.41212319,72.660829,LMBD-252
23.41632717,72.660305,LMBD-253
23.35916684,72.676762,LMBD-254
23.37391478,72.675554,LMBD-255
23.32124597,72.580808,LMBD-256
23.29839122,72.712962,LMBD-26
23.26858731,72.611747,LMBD-27
23.26847931,72.611755,LMBD-28
23.26764606,72.630054,LMBD-28A
23.31539763,72.670615,LMBD-29
23.38379569,72.673351,LMBD-3
23.3236154,72.690931,LMBD-30
23.41122537,72.665503,LMBD-31
23.4061506,72.671385,LMBD-32
23.41389837,72.665485,LMBD-33
23.40243663,72.671896,LMBD-34
23.39764262,72.646205,LMBD-35
23.40799445,72.667494,LMBD-36
23.40445646,72.667726,LMBD-37
23.40447846,72.667579,LMBD-38
23.31591357,72.594921,LMBD-39
23.31369838,72.590405,LMBD-4
23.31433753,72.593863,LMBD-40
23.27244381,72.623988,LMBD-41
23.39324958,72.670593,LMBD-42
23.34491201,72.605762,LMBD-43
23.30263032,72.688448,LMBD-44
23.39879633,72.664083,LMBD-44A
23.39868133,72.664137,LMBD-45
23.40941055,72.644638,LMBD-46
23.36314122,72.686775,LMBD-47
23.32022329,72.687952,LMBD-48
23.33280926,72.687432,LMBD-49
23.38918382,72.676737,LMBD-5
23.38918382,72.676737,LMBD-50
23.26668898,72.627961,LMBD-51
23.32803991,72.678038,LMBD-52
23.33587495,72.679198,LMBD-53
23.29790112,72.632011,LMBD-54
23.31655652,72.667686,LMBD-55
23.27314197,72.652887,LMBD-56
23.25493571,72.621216,LMBD-57
23.41597229,72.663355,LMBD-58
23.30347937,72.663661,LMBD-59
23.28583362,72.595562,LMBD-6
23.30359397,72.604228,LMBD-60
23.34317652,72.69445,LMBD-61
23.42441447,72.668135,LMBD-62
23.42441447,72.668135,LMBD-63
23.31105025,72.686804,LMBD-64
23.32693144,72.692259,LMBD-65
23.353474,72.68104,LMBD-66
23.40629476,72.649838,LMBD-67
23.36167664,72.671624,LMBD-68
23.37088661,72.6711,LMBD-69
23.32318715,72.684393,LMBD-7
23.34760055,72.668967,LMBD-70
23.34298382,72.676025,LMBD-71
23.42495554,72.644412,LMBD-72
23.34924894,72.679305,LMBD-73
23.35259058,72.66986,LMBD-74
23.3714998,72.675949,LMBD-75
23.41359176,72.649884,LMBD-76
23.40717308,72.657867,LMBD-77
23.3559923,72.688904,LMBD-78
23.43282761,72.646415,LMBD-79
23.4137322,72.635979,LMBD-8
23.31054432,72.715843,LMBD-80
23.33893109,72.683043,LMBD-81
23.37564721,72.660832,LMBD-82
23.30676485,72.730563,LMBD-83
23.39414526,72.662213,LMBD-84
23.41387448,72.642776,LMBD-85
23.41399858,72.645393,LMBD-86
23.40717703,72.607276,LMBD-87
23.30613305,72.681347,LMBD-88
23.41603827,72.662856,LMBD-89
23.38016225,72.661937,LMBD-9
23.31848269,72.672173,LMBD-90
23.33380108,72.682787,LMBD-91
23.38200653,72.669183,LMBD-92
23.38744748,72.667905,LMBD-93
23.32469027,72.661471,LMBD-94
23.39310001,72.655942,LMBD-95
23.28229276,72.622814,LMBD-96
23.37348947,72.667289,LMBD-97
23.32323323,72.686451,LMBD-98
23.39703963,72.671959,LMBD-99
23.38218969,72.673225,LMBD-9_Z
23.38670014,72.659176,LMBH-1
23.38045594,72.679848,LMES-1
23.32961354,72.642972,LOHR-1
23.34260133,72.663322,LOHR-2
23.38656367,72.672756,LOHR-3
23.32689616,72.684621,LXMP-1
23.40052118,72.660339,LXMP-2
23.33667719,72.685551,MDSR-1
23.37597228,72.662527,MHUD-1
23.43711526,72.637616,MHUD-2
23.39944995,72.654546,MJPR-1
23.41132127,72.662729,MMBD-1
23.41847026,72.662675,MMBD-2
23.404055,72.655812,MOTR-1
23.32181857,72.669212,MOTR-10
23.38547948,72.667846,MOTR-11
23.35921484,72.676742,MOTR-12
23.42067814,72.659683,MOTR-13
23.42395867,72.647755,MOTR-14
23.3522351,72.683558,MOTR-15
23.36813583,72.676686,MOTR-16
23.39944995,72.654546,MOTR-17
22.95332359,72.543151,MOTR-18
23.37143454,72.695665,MOTR-19
23.18460129,72.309242,MOTR-2
23.18455372,72.316575,MOTR-20
23.18844749,72.312642,MOTR-21
22.38976451,72.577578,MOTR-22
23.16251991,72.319325,MOTR-23
22.91794598,72.350992,MOTR-24
22.79763666,72.872409,MOTR-25
22.80632038,72.89793,MOTR-26
22.74208436,72.86125,MOTR-27
22.78382995,72.724931,MOTR-28
22.794412,72.726708,MOTR-29
23.1237104,72.611599,MOTR-3
23.12124638,72.58721,MOTR-30
23.09783791,72.599185,MOTR-31
23.098462,72.601504,MOTR-32
23.101843,72.601452,MOTR-33
23.10165964,72.617085,MOTR-34
23.14569292,72.649698,MOTR-35
23.11422888,72.598809,MOTR-36
23.13102418,72.606305,MOTR-37
23.1321454,72.611549,MOTR-38
23.12746028,72.608592,MOTR-39
23.10385858,72.59161,MOTR-4
23.10246286,72.598223,MOTR-40
23.12963335,72.610449,MOTR-41
23.12429323,72.60734,MOTR-42
23.13345714,72.605365,MOTR-43
23.12846615,72.605533,MOTR-44
23.11995527,72.584536,MOTR-45
23.1202855,72.589952,MOTR-46
23.12384133,72.586052,MOTR-47
23.10901792,72.599648,MOTR-48
23.14111775,72.620401,MOTR-49
23.11225357,72.591423,MOTR-5
23.11206601,72.602021,MOTR-50
23.12896755,72.567863,MOTR-51
23.10433265,72.593235,MOTR-52
23.10720162,72.592454,MOTR-53
23.14979226,72.633052,MOTR-54
23.17303046,72.663916,MOTR-55
23.14973125,72.632959,MOTR-56
23.14107075,72.620313,MOTR-57
23.15208386,72.62328,MOTR-58
23.14106975,72.620313,MOTR-59
23.11299071,72.594853,MOTR-6
23.14984325,72.632889,MOTR-7
23.14985025,72.632802,MOTR-8
23.13381526,72.608268,MOTR-9
23.1236284,72.611545,MRLI-1
23.1320844,72.611655,MRLI-2
23.1136569,72.599409,MRLI-3
23.1295376,72.592541,NAVA-1
23.12463452,72.59049,NAVA-2
23.12367817,72.58231,NAVA-3
23.11654343,72.588173,NAVA-4
23.0987048,72.596789,NNDJ-1
23.11414688,72.598898,NNDJ-10
23.11406688,72.598913,NNDJ-100
23.1486007,72.619148,NNDJ-101
23.10384842,72.611655,NNDJ-102
23.10101669,72.594157,NNDJ-103
23.09933742,72.611617,NNDJ-104
23.10810151,72.590077,NNDJ-105
23.10162464,72.616919,NNDJ-106
23.10502948,72.589107,NNDJ-107
23.11086685,72.597964,NNDJ-108
23.13382225,72.608155,NNDJ-109
23.11102765,72.593285,NNDJ-11
23.11093284,72.597813,NNDJ-110
23.1088938,72.596918,NNDJ-111
22.84687101,72.528535,NNDJ-112
22.85977015,72.509873,NNDJ-113
22.90049449,72.540085,NNDJ-114
23.33789039,72.56775,NNDJ-115
23.34355681,72.577583,NNDJ-116
23.41928027,72.589583,NNDJ-117
23.38918102,72.606703,NNDJ-118
22.91629322,72.653546,NNDJ-119
22.92834214,72.626364,NNDJ-12
22.89894435,72.682823,NNDJ-120
22.89190531,72.681703,NNDJ-121
22.89194616,72.677705,NNDJ-122
22.8908006,72.662943,NNDJ-123
22.89457987,72.669998,NNDJ-124
22.89485598,72.673033,NNDJ-125
22.89887286,72.669789,NNDJ-126
22.88323955,72.688091,NNDJ-127
22.88895498,72.69978,NNDJ-128
22.88476357,72.688558,NNDJ-13
22.90154109,72.624718,NNDJ-14
22.88481057,72.688475,NNDJ-15
22.92850612,72.626025,NNDJ-16
22.87887341,72.684273,NNDJ-17
22.89064424,72.679933,NNDJ-18
22.8821623,72.681389,NNDJ-19
22.87734955,72.687977,NNDJ-2
22.88252743,72.68486,NNDJ-20
22.88511195,72.698751,NNDJ-21
22.88727586,72.696394,NNDJ-22
22.88530275,72.693526,NNDJ-23
22.89451477,72.616717,NNDJ-24
22.88460387,72.696662,NNDJ-25
22.87877826,72.680245,NNDJ-26
22.88994531,72.681669,NNDJ-27
22.88986646,72.685779,NNDJ-28
22.89242316,72.704694,NNDJ-29
22.88925599,72.673104,NNDJ-29A
22.8882849,72.670679,NNDJ-3
22.8875866,72.662786,NNDJ-30
22.88709964,72.664032,NNDJ-31
22.91158366,72.639207,NNDJ-32
22.92462106,72.6495,NNDJ-33
22.93992471,72.640816,NNDJ-34
22.93349126,72.605037,NNDJ-35
22.89932422,72.679432,NNDJ-36
22.90293391,72.645357,NNDJ-37
22.92554941,72.633155,NNDJ-38
22.90332605,72.649083,NNDJ-39
22.91745024,72.628719,NNDJ-4
22.92021347,72.634585,NNDJ-40
22.92140679,72.642716,NNDJ-41
22.89061796,72.646433,NNDJ-42
22.92576021,72.628152,NNDJ-43
22.92287464,72.638848,NNDJ-44
22.90607929,72.655287,NNDJ-45
22.88977574,72.693353,NNDJ-46
22.92817426,72.629434,NNDJ-47
22.91747473,72.640982,NNDJ-48
22.91860567,72.639556,NNDJ-49
22.92522572,72.640859,NNDJ-5
22.92151332,72.630879,NNDJ-50
22.9102994,72.658193,NNDJ-51
22.92347784,72.618849,NNDJ-52
22.89703301,72.673778,NNDJ-53
22.92909059,72.637607,NNDJ-54
22.92951902,72.648578,NNDJ-55
22.92313515,72.651753,NNDJ-56
22.92668213,72.651458,NNDJ-57
22.93433689,72.645496,NNDJ-58
22.9120535,72.635059,NNDJ-59
22.91480149,72.635036,NNDJ-6
22.90836758,72.637199,NNDJ-60
22.92632889,72.645286,NNDJ-61
22.93459175,72.641735,NNDJ-62
22.90365619,72.678738,NNDJ-63
22.90140806,72.675076,NNDJ-64
22.93095782,72.643446,NNDJ-65
22.90832356,72.662167,NNDJ-66
22.93310942,72.633551,NNDJ-67
22.90373163,72.663854,NNDJ-68
22.90684901,72.648091,NNDJ-69
22.89804272,72.640502,NNDJ-7
22.9141091,72.650386,NNDJ-70
22.9200404,72.658135,NNDJ-71
22.90439348,72.660007,NNDJ-72
22.92296228,72.655266,NNDJ-73
22.92242511,72.625549,NNDJ-74
22.88064589,72.697167,NNDJ-75
22.93280966,72.63962,NNDJ-76
22.90228134,72.656383,NNDJ-77
22.91533749,72.660451,NNDJ-78
22.91265064,72.664459,NNDJ-79
22.9095792,72.652785,NNDJ-8
22.89570158,72.689106,NNDJ-80
22.89083195,72.672071,NNDJ-81
22.92999247,72.634727,NNDJ-82
22.93536553,72.636376,NNDJ-83
22.92721879,72.642661,NNDJ-84
22.9151049,72.645285,NNDJ-85
22.89446309,72.676018,NNDJ-86
22.90012295,72.672283,NNDJ-87
22.89257462,72.690027,NNDJ-88
22.90450208,72.675665,NNDJ-89
22.91271388,72.644819,NNDJ-9
22.91794141,72.63297,NNDJ-90
22.89438171,72.665786,NNDJ-91
22.91519372,72.666603,NNDJ-92
22.91044185,72.669905,NNDJ-93
22.89397774,72.693196,NNDJ-94
22.93154124,72.629085,NNDJ-95
22.90931144,72.63365,NNDJ-96
22.90229732,72.68222,NNDJ-97
22.93641963,72.638749,NNDJ-98
22.90006454,72.687901,NNDJ-99
22.91829694,72.646306,NNPR-1
22.93647784,72.644145,NSRK-1
22.91842727,72.654781,NWGM-1
22.91690554,72.661744,NWGM-10
22.93372933,72.631168,NWGM-100
22.93503124,72.628909,NWGM-101
22.9374995,72.635553,NWGM-102
22.9350574,72.633142,NWGM-103
22.93404962,72.638503,NWGM-104
22.88798579,72.694637,NWGM-105
22.8985141,72.676215,NWGM-106
22.90547379,72.668101,NWGM-107
22.88271712,72.676562,NWGM-108
22.89171104,72.674529,NWGM-109
22.89158466,72.6911,NWGM-11
22.89032685,72.696287,NWGM-110
22.8968155,72.686959,NWGM-111
22.88958668,72.665145,NWGM-112
22.89571526,72.680406,NWGM-113
22.88844479,72.667891,NWGM-114
22.88528771,72.665653,NWGM-115
22.89617341,72.684382,NWGM-116
22.84129314,72.731375,NWGM-117
23.00519894,72.486902,NWGM-118
22.79938333,72.580435,NWGM-119
22.8127787,72.566015,NWGM-12
22.7926835,72.608498,NWGM-120
22.79726689,72.618089,NWGM-121
22.79657732,72.603971,NWGM-122
22.79428062,72.5872,NWGM-123
22.79058196,72.595365,NWGM-124
22.79370605,72.62184,NWGM-125
22.78752023,72.601616,NWGM-126
22.804246,72.620964,NWGM-127
22.80514829,72.556483,NWGM-128
22.80008557,72.56267,NWGM-129
22.80160254,72.56217,NWGM-13
22.81380041,72.55944,NWGM-130
22.78915672,72.61368,NWGM-131
22.80898522,72.577946,NWGM-132
22.79547891,72.59423,NWGM-133
22.80054707,72.574442,NWGM-134
22.7989928,72.615808,NWGM-135
22.80267654,72.585376,NWGM-136
22.79670746,72.607504,NWGM-137
22.77255398,72.595498,NWGM-138
22.79267617,72.576634,NWGM-139
22.79361518,72.576797,NWGM-14
22.79151846,72.607277,NWGM-140
22.8002345,72.584591,NWGM-141
22.81017235,72.557812,NWGM-142
22.81166182,72.568876,NWGM-143
22.78426717,72.600294,NWGM-144
22.80450499,72.572625,NWGM-145
22.80034786,72.569453,NWGM-146
22.77694529,72.603069,NWGM-147
22.79796495,72.595141,NWGM-148
22.79123703,72.597018,NWGM-149
22.80482824,72.578327,NWGM-15
22.78900989,72.569942,NWGM-150
22.79567301,72.572918,NWGM-151
22.77715457,72.609824,NWGM-152
22.79415269,72.588847,NWGM-153
22.81013235,72.557817,NWGM-154
22.80875499,72.572704,NWGM-155
22.7824736,72.61058,NWGM-156
22.79780452,72.584821,NWGM-157
22.80146437,72.581429,NWGM-158
22.79803812,72.599334,NWGM-159
22.8032432,72.577493,NWGM-16
22.80141508,72.574525,NWGM-160
22.80736477,72.567507,NWGM-161
22.81076559,72.563392,NWGM-162
22.78761103,72.596964,NWGM-163
22.80057047,72.60769,NWGM-164
22.78028215,72.599571,NWGM-165
22.79776432,72.580312,NWGM-166
22.79431947,72.583621,NWGM-167
22.80141113,72.599535,NWGM-168
22.78710283,72.616346,NWGM-169
22.80263945,72.560107,NWGM-17
22.78121236,72.604742,NWGM-170
22.79100188,72.593469,NWGM-171
22.80788373,72.614316,NWGM-172
22.80544343,72.582952,NWGM-173
22.78709279,72.591086,NWGM-174
22.79865174,72.59012,NWGM-175
22.77363617,72.600079,NWGM-176
22.80834291,72.547851,NWGM-177
22.80604563,72.587683,NWGM-178
22.78556732,72.579918,NWGM-179
22.80238203,72.597086,NWGM-18
22.81477738,72.581983,NWGM-180
22.78245878,72.615003,NWGM-181
22.81209203,72.573664,NWGM-182
22.79033562,72.587266,NWGM-183
22.79138116,72.624682,NWGM-184
22.80189319,72.577144,NWGM-185
22.78737005,72.62186,NWGM-186
22.80520323,72.602077,NWGM-187
22.79235894,72.59484,NWGM-188
22.79166142,72.559294,NWGM-189
22.79327625,72.578501,NWGM-19
22.81533492,72.57116,NWGM-190
22.79193011,72.575167,NWGM-191
22.80546262,72.611486,NWGM-192
22.80936715,72.553433,NWGM-193
22.81037756,72.610098,NWGM-194
22.81396719,72.577351,NWGM-195
22.81960426,72.579249,NWGM-196
22.78448311,72.575096,NWGM-197
22.79604925,72.626913,NWGM-198
22.77848369,72.588683,NWGM-199
22.8005382,72.577472,NWGM-1A
22.81333285,72.64227,NWGM-2
22.80045065,72.541922,NWGM-20
22.78245184,72.568676,NWGM-200
22.78864104,72.550369,NWGM-201
22.79378602,72.57311,NWGM-202
22.77805351,72.60826,NWGM-203
22.77184677,72.590499,NWGM-204
22.82325902,72.57361,NWGM-205
22.77866295,72.571249,NWGM-206
22.77198261,72.610755,NWGM-207
22.80076589,72.57014,NWGM-208
22.79713938,72.581492,NWGM-209
22.76529669,72.588457,NWGM-21
22.83165054,72.610107,NWGM-210
22.77045717,72.576227,NWGM-211
22.838438,72.573502,NWGM-212
22.801083,72.596489,NWGM-213
22.80624431,72.580109,NWGM-214
22.77254078,72.567108,NWGM-215
22.79995024,72.602264,NWGM-216
22.76925193,72.59427,NWGM-217
22.79986239,72.581833,NWGM-218
22.80776232,72.580265,NWGM-219
22.79775485,72.569172,NWGM-22
22.79685293,72.571082,NWGM-220
22.83576258,72.56355,NWGM-221
22.79812977,72.590788,NWGM-222
22.80425399,72.572666,NWGM-223
22.86054705,72.551962,NWGM-224
22.83276248,72.5845,NWGM-225
22.81558379,72.545244,NWGM-226
22.77260384,72.545696,NWGM-227
22.85421933,72.581513,NWGM-228
22.82548778,72.545157,NWGM-229
22.79836799,72.572501,NWGM-23
22.8010854,72.558878,NWGM-230
22.75738891,72.593508,NWGM-231
22.81219778,72.545034,NWGM-232
22.79536756,72.562427,NWGM-233
22.81703026,72.556076,NWGM-234
22.81586403,72.5508,NWGM-235
22.81272196,72.549123,NWGM-236
22.79154971,72.565758,NWGM-237
22.78809376,72.566986,NWGM-238
22.7870286,72.563241,NWGM-239
22.81295618,72.554068,NWGM-24
22.86665334,72.536034,NWGM-240
22.79499361,72.587103,NWGM-241
22.80901262,72.564127,NWGM-242
22.79385715,72.599946,NWGM-243
22.79497281,72.591772,NWGM-244
22.79866711,72.575197,NWGM-245
22.79935143,72.582721,NWGM-246
22.80213244,72.583073,NWGM-247
22.79737452,72.584977,NWGM-248
22.79365007,72.597888,NWGM-249
22.79698834,72.557413,NWGM-25
22.79563031,72.603706,NWGM-250
22.79901937,72.60531,NWGM-251
22.80755268,72.565476,NWGM-252
22.80239727,72.579094,NWGM-253
22.80665396,72.572024,NWGM-254
22.82114814,72.576395,NWGM-255
22.76777974,72.566156,NWGM-256
22.8139269,72.54784,NWGM-257
22.81126525,72.578837,NWGM-258
22.81576609,72.575173,NWGM-259
22.78519865,72.587689,NWGM-26
22.77445992,72.593981,NWGM-260
22.77047622,72.601175,NWGM-261
22.79447491,72.570502,NWGM-262
22.80708755,72.609965,NWGM-263
22.78722362,72.587075,NWGM-264
22.79776596,72.571666,NWGM-265
22.80643749,72.561091,NWGM-265_Z
22.80777474,72.614414,NWGM-266
22.80410201,72.621059,NWGM-267
22.80956463,72.611769,NWGM-268
22.80781526,72.60281,NWGM-269
22.78962236,72.629636,NWGM-27
22.78717806,72.621951,NWGM-270
22.8301845,72.584917,NWGM-271
22.83512908,72.552281,NWGM-272
22.79233929,72.603334,NWGM-273
22.8011337,72.61349,NWGM-274
22.79535667,72.612584,NWGM-275
22.80956463,72.611767,NWGM-276
22.79042228,72.602904,NWGM-277
22.80924389,72.61813,NWGM-278
22.79047585,72.592635,NWGM-279
22.81904783,72.569187,NWGM-28
22.83579081,72.568917,NWGM-280
22.82418587,72.570186,NWGM-281
22.82431416,72.576959,NWGM-282
22.81830013,72.576167,NWGM-283
22.82901375,72.567385,NWGM-284
22.82861198,72.572875,NWGM-285
22.8211113,72.580181,NWGM-29
22.832405,72.573319,NWGM-3
22.81773531,72.580381,NWGM-30
22.83214338,72.63075,NWGM-31
22.79858401,72.596732,NWGM-32
22.80137707,72.574428,NWGM-33
22.80623331,72.579998,NWGM-34
22.8062643,72.579917,NWGM-35
22.79489981,72.591819,NWGM-36
22.83039747,72.584377,NWGM-37
22.80002055,72.585779,NWGM-38
22.7652487,72.588539,NWGM-39
22.80433201,72.621136,NWGM-4
22.80146613,72.599485,NWGM-40
22.7651807,72.588567,NWGM-41
22.79586836,72.581225,NWGM-42
22.80001856,72.585866,NWGM-43
22.80056547,72.607787,NWGM-44
22.77232375,72.589867,NWGM-45
22.78254178,72.614966,NWGM-46
22.76970591,72.593737,NWGM-47
22.78262078,72.614988,NWGM-48
22.80257407,72.574362,NWGM-49
22.78342612,72.575155,NWGM-5
22.80752972,72.566349,NWGM-50
22.794132,72.596332,NWGM-51
22.79749241,72.582344,NWGM-52
22.79523414,72.599599,NWGM-53
22.79482347,72.607742,NWGM-54
22.79748221,72.577722,NWGM-55
22.7977268,72.591691,NWGM-56
22.80166231,72.579992,NWGM-57
22.80214372,72.56617,NWGM-58
22.79575277,72.567287,NWGM-59
22.80659752,72.561793,NWGM-60
22.78941954,72.585339,NWGM-61
22.79541497,72.571943,NWGM-63
22.78915675,72.590168,NWGM-64
22.80516304,72.573665,NWGM-64A
22.78738111,72.598952,NWGM-65
22.79236373,72.589721,NWGM-66
22.79665661,72.587112,NWGM-67
22.8003376,72.58678,NWGM-68
22.79365583,72.592277,NWGM-69
22.79552123,72.578006,NWGM-7
22.79474826,72.602519,NWGM-70
22.80847596,72.571958,NWGM-71
22.80170279,72.591487,NWGM-72
22.79389146,72.583494,NWGM-73
22.80390194,72.57143,NWGM-74
22.80640417,72.57688,NWGM-75
22.79474975,72.614465,NWGM-76
22.80740081,72.592097,NWGM-77
22.79595404,72.597401,NWGM-78
22.79172842,72.582392,NWGM-79
22.79901846,72.607461,NWGM-8
22.78936945,72.60716,NWGM-80
22.79595605,72.573858,NWGM-81
22.79138903,72.597021,NWGM-82
22.7924396,72.586625,NWGM-83
22.79195759,72.586457,NWGM-84
22.7974574,72.605922,NWGM-85
22.80243657,72.586303,NWGM-86
22.79558071,72.589421,NWGM-87
22.78658185,72.592685,NWGM-88
22.79908969,72.588996,NWGM-89
22.81177836,72.581386,NWGM-9
22.78979395,72.619392,NWGM-90
22.78880699,72.595925,NWGM-91
22.78608266,72.612143,NWGM-92
22.79037316,72.600171,NWGM-93
22.80331443,72.582926,NWGM-94
22.79391032,72.603976,NWGM-95
22.80034733,72.580442,NWGM-96
22.78320089,72.593445,NWGM-97
22.785631,72.596057,NWGM-98
22.78627146,72.583326,NWGM-99
22.80440032,72.580369,NWMJ-1
22.79928263,72.611721,OGNJ-1
22.8051814,72.60604,OGNJ-2
22.78409754,72.585068,PLYD-1
22.80693002,72.573292,PLYD-10
22.78919842,72.582396,PLYD-11
22.78218704,72.596996,PLYD-12
22.79967988,72.593615,PLYD-13
22.7877183,72.579484,PLYD-14
22.79869158,72.610448,PLYD-15
22.79107534,72.604443,PLYD-16
22.78879815,72.575942,PLYD-17
22.79070616,72.600048,PLYD-18
22.80294608,72.598355,PLYD-19
22.78811325,72.602165,PLYD-2
22.79785125,72.602451,PLYD-20
22.80532553,72.585333,PLYD-21
22.8033532,72.577539,PLYD-22
22.80851547,72.583984,PLYD-23
22.78636938,72.605395,PLYD-24
22.79653091,72.594212,PLYD-25
22.80049733,72.604287,PLYD-26
23.25630882,72.409461,PLYD-27
23.08547284,72.507179,PLYD-28
23.07411831,72.517045,PLYD-29
23.36653036,72.545074,PLYD-29_Z
23.38025948,72.525927,PLYD-3
23.33029695,72.535366,PLYD-30
23.36682629,72.521741,PLYD-31
23.3727803,72.543926,PLYD-32
23.38350245,72.547416,PLYD-33
23.36632187,72.534263,PLYD-34
23.36558364,72.573981,PLYD-35
23.39370656,72.528043,PLYD-35_Z
23.39496642,72.524887,PLYD-36
23.38983351,72.526819,PLYD-37
23.37084767,72.552049,PLYD-38
23.39651073,72.531671,PLYD-39
23.3826678,72.533094,PLYD-39_Z
23.34140224,72.542043,PLYD-4
23.38524669,72.530747,PLYD-40
23.3851887,72.53082,PLYD-41
23.38256596,72.536596,PLYD-5
23.38521769,72.530677,PLYD-6
23.38257296,72.536511,PLYD-7
23.39368256,72.528069,PLYD-8
23.36123859,72.528095,PLYD-9
23.39354357,72.528095,RKPR-2
23.38265897,72.536764,RMPR-1
23.39351656,72.528067,RPWT-1
23.39181279,72.53298,RUPL-1
23.39172279,72.532963,RUPL-2
23.39161579,72.532943,RUPL-3
23.38709756,72.527845,SBMT-1
23.38718856,72.527845,SJLI-1
23.38945861,72.529107,SJLI-2
23.3853667,72.530794,SKDI-10
23.38649989,72.535089,SKDI-100
23.39330489,72.535278,SKDI-101
23.38886097,72.536944,SKDI-102
23.38297965,72.529811,SKDI-103
23.36531082,72.53327,SKDI-104
23.3937017,72.531084,SKDI-105
23.3534254,72.545658,SKDI-106
23.3534254,72.545658,SKDI-107
23.44006324,72.56597,SKDI-108
23.39338433,72.544805,SKDI-109
23.37045775,72.53173,SKDI-11
23.37863996,72.536391,SKDI-110
23.34211762,72.506871,SKDI-111
23.11063965,72.462083,SKDI-112
23.03907943,72.326086,SKDI-113
0,70.5112561,SKDI-114
23.33521169,72.59809,SKDI-115
23.35062831,72.637587,SKDI-116
23.35753127,72.612139,SKDI-117
23.07417721,72.606225,SKDI-118
22.85462347,72.770401,SKDI-119
22.83723635,72.766788,SKDI-12
23.31677563,72.317394,SKDI-120
23.30375085,72.321,SKDI-121
23.30409638,72.313033,SKDI-122
23.32505146,72.29788,SKDI-123
23.29914655,72.315813,SKDI-124
23.3061482,72.309995,SKDI-125
23.33236746,72.314849,SKDI-126
23.32528251,72.315603,SKDI-127
23.27068736,72.346549,SKDI-128
23.32754317,72.326887,SKDI-129
23.28471607,72.324413,SKDI-130
23.31300657,72.333558,SKDI-131
23.32208035,72.296106,SKDI-132
23.32317161,72.300404,SKDI-133
23.28832995,72.322357,SKDI-134
23.31511867,72.301241,SKDI-135
23.32752934,72.32974,SKDI-136
23.28682641,72.330294,SKDI-137
23.31697085,72.28766,SKDI-138
23.26393281,72.354345,SKDI-139
23.32355221,72.293661,SKDI-14
23.28355387,72.32088,SKDI-140
23.29514958,72.316224,SKDI-141
23.32256148,72.298254,SKDI-142
23.33021714,72.32646,SKDI-143
23.3270065,72.298652,SKDI-144
23.32124073,72.302319,SKDI-145
23.32631925,72.328209,SKDI-146
23.3260237,72.30197,SKDI-147
23.2815455,72.349121,SKDI-148
23.28335816,72.325836,SKDI-149
23.3233678,72.303528,SKDI-150
23.28428554,72.332448,SKDI-151
23.28930939,72.330008,SKDI-152
23.32030588,72.304846,SKDI-153
23.32262397,72.306468,SKDI-154
23.3116807,72.301645,SKDI-155
23.32579966,72.284746,SKDI-156
23.31912604,72.307489,SKDI-157
23.32161814,72.309194,SKDI-158
23.32492992,72.305599,SKDI-159
23.32203887,72.304631,SKDI-160
23.30341312,72.308628,SKDI-161
23.30759603,72.307175,SKDI-162
23.36757232,72.313105,SKDI-163
23.28631957,72.333003,SKDI-164
23.28234964,72.334191,SKDI-165
23.31928655,72.316102,SKDI-166
23.31921622,72.310566,SKDI-167
23.34697641,72.280928,SKDI-168
23.3260922,72.293532,SKDI-17
23.3091911,72.308317,SKDI-18
23.30863715,72.309112,SKDI-19
23.30528095,72.30568,SKDI-20
23.30181929,72.311425,SKDI-21
23.29868132,72.31179,SKDI-22
23.30814975,72.372002,SKDI-23
23.27936878,72.336568,SKDI-4
23.31026194,72.322669,SKDI-41
23.28239187,72.320911,SKDI-42
23.28360277,72.336375,SKDI-43
23.28044763,72.334046,SKDI-44
23.29666935,72.312333,SKDI-45
23.29768347,72.314307,SKDI-47
23.29937927,72.311064,SKDI-48
23.29859538,72.312789,SKDI-49
23.29475383,72.320526,SKDI-5
23.3074794,72.313397,SKDI-50
23.34100534,72.279734,SKDI-51
23.34836795,72.323479,SKDI-52
23.28210148,72.348833,SKDI-53
23.32432555,72.316193,SKDI-54
23.31906823,72.310633,SKDI-55
23.33126046,72.314814,SKDI-56
23.31906004,72.307544,SKDI-57
23.3370204,72.297073,SKDI-58
23.34236245,72.314879,SKDI-59
23.27144145,72.313551,SKDI-6
23.3475614,72.33125,SKDI-60
23.29166093,72.33942,SKDI-61
23.32364687,72.338868,SKDI-62
23.25486358,72.350222,SKDI-63
23.30883204,72.324372,SKDI-64
23.32384377,72.354749,SKDI-65
23.31027668,72.31812,SKDI-66
23.31450598,72.323422,SKDI-67
23.3059724,72.313403,SKDI-68
23.30501476,72.319431,SKDI-69
23.33412174,72.336895,SKDI-70
23.31032683,72.320766,SKDI-71
23.33227021,72.310538,SKDI-72
23.32937447,72.315003,SKDI-73
23.3136239,72.321927,SKDI-74
23.29870982,72.320381,SKDI-75
23.33794281,72.355707,SKDI-76
23.29147973,72.318668,SKDI-77
23.29364871,72.353213,SKDI-78
23.31300464,72.317476,SKDI-79
23.30606358,72.316375,SKDI-8
23.30328571,72.318511,SKDI-80
23.30514296,72.322784,SKDI-81
23.29282166,72.317547,SKDI-82
23.27970148,72.331395,SKDI-83
23.30850058,72.316468,SKDI-84
23.29204287,72.321035,SKDI-85
23.2905486,72.316533,SKDI-86
23.28973876,72.319203,SKDI-87
23.29733168,72.317897,SKDI-88
23.31514331,72.329054,SKDI-89
23.30898234,72.312372,SKDI-90
23.30139044,72.313906,SKDI-91
23.29630893,72.322142,SKDI-92
23.29766753,72.315339,SKDI-93
23.29370482,72.320289,SKDI-94
23.28396977,72.319206,SKDI-95
23.33638154,72.316348,SKDI-96
23.28400976,72.319103,SKDI-97
23.30066583,72.303596,SKDI-98
23.32794433,72.295838,SKDI-99
23.27748895,72.32224,SNND-1
23.33205045,72.331748,SNND-10
23.31175334,72.329556,SNND-100
23.29872012,72.308465,SNND-101
23.30051297,72.306029,SNND-102
23.28242495,72.3222,SNND-103
23.33448514,72.343841,SNND-104
23.31012167,72.33518,SNND-105
23.29487344,72.313893,SNND-106
23.30162384,72.320749,SNND-107
23.3162031,72.325384,SNND-108
23.28008561,72.316363,SNND-109
23.29295817,72.326299,SNND-110
23.30986025,72.327861,SNND-111
23.31587761,72.334334,SNND-112
23.31136573,72.319095,SNND-113
23.31159984,72.320954,SNND-114
23.30993448,72.31475,SNND-115
23.3053811,72.325315,SNND-116
23.27978509,72.32455,SNND-117
23.31240018,72.326767,SNND-118
23.2855189,72.321531,SNND-119
23.30063081,72.303371,SNND-120
23.30738775,72.319359,SNND-121
23.33089228,72.294955,SNND-122
23.0867674,72.4175,SNND-123
23.15004484,72.427133,SNND-124
23.15844312,72.413421,SNND-125
23.09013782,72.425623,SNND-126
23.1546891,72.412974,SNND-127
23.07547285,72.425836,SNND-128
23.17275199,72.411228,SNND-129
23.06984085,72.425756,SNND-13
23.15278392,72.409424,SNND-130
23.08255598,72.409284,SNND-131
23.15064398,72.410647,SNND-131_Z
23.13709794,72.409484,SNND-132
23.14817776,72.425573,SNND-133
23.12637279,72.406504,SNND-134
23.13810496,72.429106,SNND-135
23.14291084,72.426961,SNND-136
23.14470786,72.408116,SNND-137
23.14255202,72.411183,SNND-138
23.14160546,72.419609,SNND-139
23.14484004,72.411657,SNND-14
23.1375954,72.418385,SNND-140
23.1306451,72.431738,SNND-141
23.14171026,72.415709,SNND-142
23.13190155,72.440664,SNND-143
23.12459166,72.423084,SNND-144
23.08495495,72.427952,SNND-145
23.128338,72.429704,SNND-146
23.15314861,72.422615,SNND-147
23.12015013,72.394101,SNND-148
23.14951448,72.420108,SNND-149
23.06540091,72.426916,SNND-15
23.12432207,72.450764,SNND-150
23.1337993,72.378859,SNND-151
23.14039884,72.426863,SNND-152
23.125626,72.429783,SNND-153
23.12842899,72.429671,SNND-154
23.08887793,72.408536,SNND-155
23.07700313,72.412183,SNND-156
23.1238639,72.427682,SNND-157
23.12461765,72.422976,SNND-158
23.133639,72.42986,SNND-159
23.14325758,72.42184,SNND-16
23.09822616,72.413065,SNND-160
23.08880447,72.418811,SNND-161
23.13367418,72.433398,SNND-162
23.14893781,72.407245,SNND-163
23.13019776,72.444719,SNND-164
23.12809568,72.443199,SNND-165
23.15456314,72.376444,SNND-166
23.11965582,72.445726,SNND-167
23.1723442,72.415238,SNND-168
23.1212721,72.431666,SNND-169
23.12257475,72.444416,SNND-17
23.1368345,72.420325,SNND-170
23.14617421,72.414881,SNND-18
23.15750289,72.40893,SNND-2
23.16002389,72.409118,SNND-20
23.12662176,72.444695,SNND-21
23.12296648,72.419715,SNND-22
23.12420242,72.437953,SNND-23
23.1508257,72.424361,SNND-26
23.13405113,72.413085,SNND-27
23.13749884,72.407613,SNND-28
23.06504327,72.414505,SNND-29
23.07185886,72.406911,SNND-3
23.09187982,72.406409,SNND-30
23.17493508,72.412963,SNND-31
23.12238694,72.448182,SNND-32
23.12959236,72.436786,SNND-33
23.15332769,72.443689,SNND-34
23.12084437,72.436824,SNND-35
23.12408645,72.438461,SNND-36
23.14857117,72.414096,SNND-37
23.11641449,72.459101,SNND-38
23.1292363,72.435591,SNND-39
23.13304946,72.438934,SNND-4
23.14767213,72.41334,SNND-40
23.13647565,72.423235,SNND-41
23.12469757,72.440805,SNND-42
23.11235447,72.400278,SNND-43
23.17450811,72.413488,SNND-47
23.12697203,72.430299,SNND-48
23.12830944,72.438287,SNND-49
23.09206993,72.427705,SNND-5
23.11123677,72.424943,SNND-50
23.15108542,72.399972,SNND-53
23.13884656,72.421512,SNND-57
23.18931202,72.411986,SNND-58
23.11122677,72.424937,SNND-59
23.16535803,72.411772,SNND-6
23.1312545,72.420144,SNND-60
23.15666693,72.409759,SNND-61
23.07630356,72.401356,SNND-62
23.13627315,72.413572,SNND-63
23.12777815,72.413477,SNND-64
23.12627383,72.426461,SNND-65
23.11538139,72.417739,SNND-66
23.15163925,72.415689,SNND-67
23.11883881,72.425934,SNND-68
23.1604296,72.422701,SNND-69
23.13715217,72.433235,SNND-7
23.12371286,72.446645,SNND-70
23.14665064,72.423069,SNND-71
23.13713294,72.390803,SNND-72
23.14126081,72.407201,SNND-73
23.14385022,72.415039,SNND-74
23.13518584,72.426826,SNND-75
0,70.5112561,SNND-76
23.15415051,72.401787,SNND-77
23.12411018,72.433297,SNND-78
23.13128385,72.446491,SNND-79
23.04303598,72.427815,SNND-8
23.13458214,72.452416,SNND-80
23.11855809,72.451114,SNND-81
23.06729869,72.422726,SNND-82
23.12692722,72.45386,SNND-83
23.13934861,72.441906,SNND-84
23.11347052,72.401217,SNND-85
23.10831405,72.450024,SNND-86
23.19357352,72.402637,SNND-87
23.12121246,72.458605,SNND-88
23.14172231,72.436151,SNND-89
23.19525308,72.394363,SNND-90
23.11996057,72.440705,SNND-91
23.13332563,72.422615,SNND-92
23.13433361,72.422423,SNND-93
23.10834604,72.449987,SNND-94
23.09034594,72.389895,SNND-95
23.09827961,72.441189,SNND-96
23.15046316,72.414027,SNND-97
23.15038323,72.415356,SNND-98
23.1503123,72.416733,SNND-99
23.14909621,72.414965,SSRK-1
23.11577236,72.436567,SVRJ-1
23.08298203,72.410248,SVRJ-2
23.12269117,72.413644,SVRJ-3
23.13061415,72.413432,SVRJ-4
23.04834373,72.385261,SVRJ-5
23.05481056,72.419919,SVRJ-6
23.07879748,72.399796,SVRJ-7
23.09455879,72.405965,SVRJ-8
23.07134925,72.41428,SVRJ-9
23.1297883,72.41637,SWMJ-1
23.08332749,72.419016,UMPR-1
23.10345018,72.41359,VGPR-1
23.1264635,72.420155,VGPR-2
23.12480657,72.440851,VGPR-3
23.13392033,72.416952,VGPR-4
23.07448635,72.435668,VGPR-5
23.13277631,72.435884,VGPR-6
23.13250913,72.413008,VRAJ-1
23.09652754,72.401283,VRAJ-10
23.12842065,72.442597,VRAJ-11
23.13051783,72.42661,VRAJ-12
23.12749495,72.448489,VRAJ-13
23.12958982,72.426389,VRAJ-14
23.05520242,72.436685,VRAJ-15
23.07377189,72.426631,VRAJ-16
23.13786774,72.424989,VRAJ-17
23.07109477,72.424267,VRAJ-18
22.91631555,72.498011,VRAJ-19
23.23949814,72.307755,VRAJ-2
23.23690063,72.315932,VRAJ-20
23.23734362,72.315795,VRAJ-21
23.24855918,72.308581,VRAJ-22
23.23297908,72.306543,VRAJ-23
23.241847,72.339629,VRAJ-24
23.24374704,72.241099,VRAJ-25
23.2395715,72.313762,VRAJ-26
23.23932935,72.311284,VRAJ-27
23.23944515,72.307817,VRAJ-28
23.1977087,72.425236,VRAJ-29
22.86428724,72.62787,VRAJ-3
23.38625808,72.5615,VRAJ-30
23.40014952,72.571797,VRAJ-31
23.39579082,72.555929,VRAJ-32
23.38820496,72.558831,VRAJ-33
23.38637708,72.561657,VRAJ-34
23.38639209,72.561738,VRAJ-35
23.25787066,72.316902,VRAJ-36
23.25670237,72.311984,VRAJ-37
23.25715686,72.320357,VRAJ-38
23.25423801,72.322804,VRAJ-39
23.25376724,72.30971,VRAJ-4
23.26103276,72.318556,VRAJ-40
23.24827484,72.31982,VRAJ-41
23.24939362,72.316028,VRAJ-42
23.25483355,72.31495,VRAJ-43
23.25770772,72.317876,VRAJ-44
23.25295766,72.31677,VRAJ-45
23.25327545,72.313279,VRAJ-46
23.25150598,72.322222,VRAJ-47
23.25599946,72.313402,VRAJ-48
23.2562836,72.315819,VRAJ-4A
23.25435364,72.31641,VRAJ-5
23.2542858,72.319267,VRAJ-50
23.25877858,72.315462,VRAJ-51
23.25764751,72.314396,VRAJ-52
23.25420337,72.311827,VRAJ-53
23.25814082,72.319652,VRAJ-54
23.25230656,72.315095,VRAJ-55
23.25070051,72.314211,VRAJ-56
23.25152935,72.3115,VRAJ-57
23.25925671,72.317787,VRAJ-58
23.2556237,72.317569,VRAJ-59
23.25955885,72.3202,VRAJ-6
23.25524593,72.321411,VRAJ-60
23.25384888,72.32061,VRAJ-61
23.25705493,72.321448,VRAJ-62
23.25206782,72.319473,VRAJ-7
23.25047579,72.319024,VRAJ-8
23.25109268,72.317061,VRAJ-9
23.26247964,72.316643,VSDR-1
23.26111667,72.317154,VTLR-1
23.26382359,72.315798,WADU-1
23.25195746,72.313334,WADU-10
23.25614681,72.319481,WADU-11
23.26305287,72.320588,WADU-12
23.2453234,72.346743,WADU-13
23.23952313,72.307574,WADU-14
23.25981321,72.309202,WADU-15
23.24573727,72.327123,WADU-16
23.2568615,72.314153,WADU-17
23.26005329,72.310698,WADU-18
23.26751994,72.321808,WADU-19
23.26520144,72.313263,WADU-2
23.24387977,72.318441,WADU-20
23.26033263,72.316365,WADU-21
23.26114234,72.311504,WADU-22
23.26116295,72.321909,WADU-23
23.25564627,72.310204,WADU-24
23.25275766,72.316768,WADU-25
23.25792941,72.312712,WADU-26
23.25852893,72.321579,WADU-27
23.26216384,72.320082,WADU-28
23.26134052,72.314519,WADU-29
23.25938335,72.311637,WADU-3
23.24672741,72.31249,WADU-30
23.26196328,72.310428,WADU-31
23.25992929,72.310618,WADU-32
23.25310446,72.313335,WADU-33
23.25885105,72.323495,WADU-34
23.25321473,72.31806,WADU-35
23.25964849,72.314048,WADU-36
23.00743933,72.323706,WADU-37
23.37460418,72.100836,WADU-38
23.33834331,72.500348,WADU-39
23.33781698,72.493531,WADU-4
23.35185897,72.51468,WADU-40
23.34866895,72.492912,WADU-41
23.34924837,72.501803,WADU-42
23.36445041,72.524181,WADU-43
23.35745616,72.518755,WADU-44
23.36899505,72.538321,WADU-45
23.36250162,72.528852,WADU-46
23.34596174,72.531069,WADU-47
23.35887743,72.524506,WADU-48
23.34342574,72.488542,WADU-49
23.35904086,72.512336,WADU-5
23.35233795,72.47244,WADU-50
23.35449315,72.518451,WADU-51
23.36696666,72.529638,WADU-52
23.35955896,72.536234,WADU-53
23.35693863,72.528813,WADU-54
23.36041578,72.532328,WADU-55
23.35032026,72.520873,WADU-56
23.35486111,72.517665,WADU-57
23.33405921,72.498252,WADU-58
23.34165394,72.472016,WADU-59
23.37166358,72.528027,WADU-6
23.37424571,72.530916,WADU-60
23.35745101,72.515532,WADU-61
23.37958674,72.53166,WADU-62
23.33491416,72.497176,WADU-63
23.33350023,72.498545,WADU-64
23.33707213,72.496591,WADU-65
23.33033031,72.500316,WADU-66
23.35565695,72.493007,WADU-67
23.3834849,72.513599,WADU-68
23.3597396,72.485929,WADU-69
23.33646037,72.501578,WADU-7
23.36350392,72.535245,WADU-70
23.33339636,72.5013,WADU-71
23.36673883,72.533498,WADU-8
23.35557489,72.51292,WADU-9
23.35425482,72.511517,WDSR-1
23.37967699,72.537123,WDSR-10
23.35529019,72.477408,WDSR-11
23.34379297,72.536152,WDSR-12
23.35881642,72.442106,WDSR-13
23.34253249,72.483452,WDSR-14
23.38131695,72.493602,WDSR-15
23.35701663,72.52881,WDSR-15_Z
23.35181298,72.514788,WDSR-16
23.33775799,72.493587,WDSR-16_Z
23.35930712,72.517875,WDSR-2
23.35546859,72.46525,WDSR-3
23.38080954,72.572008,WDSR-4
23.36022963,72.46618,WDSR-5
23.35193848,72.462892,WDSR-6
23.35591232,72.459891,WDSR-7
23.35461302,72.515706,WDSR-7_Z
23.35194198,72.514737,WDSR-8
23.40286159,72.550778,WDSR-9
23.40022131,72.522694,WKLY-1
23.34963924,72.542167,WLDD-1
23.35233595,72.472567,WLDD-2
23.36430649,72.463296,WLDD-3
23.37236765,72.5081,WLDD-4
23.36430548,72.463188,WLDD-5
23.35601892,72.535104,WLDD-6
23.35708963,72.528839,WLDD-7
23.33163517,72.497196,WLDD-8
23.37655986,72.53422,WMAJ-1
23.34763619,72.477236,WMAJ-11
23.34757319,72.477303,WMAJ-12
23.33632329,72.47915,WMAJ-13
23.12580089,72.467289,WMAJ-14
23.12567172,72.463902,WMAJ-15
23.13034442,72.45782,WMAJ-16
23.1372557,72.463623,WMAJ-2
23.13293347,72.458847,WMAJ-3
23.14918126,72.454986,WMAJ-4
23.16105041,72.438389,WMAJ-5
23.16342743,72.438846,WMAJ-6
23.17438429,72.436167,WMAJ-7
23.17438429,72.436167,WMAJ-8
23.13097973,72.464257,WMAJ-9
23.12248,72.469562,WSL1
23.12764707,72.47109,WSL2
23.13575954,72.460406,WSNA-1
23.14946914,72.452662,WSNA-10
23.15321198,72.449533,WSNA-100
23.15091013,72.45235,WSNA-101
23.16157336,72.437371,WSNA-102
23.16158235,72.43728,WSNA-103
23.16158335,72.43728,WSNA-104
22.7699338,72.459124,WSNA-105
23.12250417,72.708765,WSNA-106
23.13097011,72.707261,WSNA-107
23.09455122,72.709675,WSNA-108
23.07646922,72.737323,WSNA-108A
23.09839643,72.743701,WSNA-109
23.16328155,72.777709,WSNA-11
23.14478204,72.733435,WSNA-110
23.13997552,72.691384,WSNA-111
23.241235,72.393826,WSNA-112
23.16154938,72.437798,WSNA-113
23.22235435,72.400026,WSNA-114
23.22492938,72.400516,WSNA-115
23.17480725,72.435519,WSNA-116
23.17487525,72.435497,WSNA-117
23.245549,72.412639,WSNA-118
23.24755545,72.383654,WSNA-119
23.29137766,72.406955,WSNA-119_Z
23.21998932,72.399331,WSNA-12
23.22283339,72.400801,WSNA-120
23.22281019,72.397,WSNA-121
23.20457407,72.413302,WSNA-122
23.17488225,72.435577,WSNA-123
23.22387986,72.448409,WSNA-124
23.01994577,72.349122,WSNA-125
23.0171791,72.337253,WSNA-126
22.84552225,72.653016,WSNA-127
22.85666034,72.655514,WSNA-128
22.84623704,72.647872,WSNA-129
22.87794162,72.663153,WSNA-13
22.84084449,72.659311,WSNA-130
22.84211843,72.657628,WSNA-131
22.83162698,72.646085,WSNA-132
22.88004248,72.659663,WSNA-133
22.82980337,72.630416,WSNA-134
22.84698833,72.655285,WSNA-135
22.8382049,72.644087,WSNA-14
22.83782201,72.646922,WSNA-15
22.84302818,72.651229,WSNA-16
22.85117939,72.656891,WSNA-17
22.85777058,72.661813,WSNA-18
22.82197177,72.640481,WSNA-19
22.83760922,72.652219,WSNA-2
22.84625296,72.645771,WSNA-20
22.85735346,72.658737,WSNA-21
22.85273092,72.644828,WSNA-22
22.85962473,72.640064,WSNA-23
22.82966722,72.626874,WSNA-24
22.85595589,72.644163,WSNA-25
22.84232623,72.678715,WSNA-26
22.84408214,72.676462,WSNA-27
22.83106174,72.639776,WSNA-28
22.85854039,72.657001,WSNA-29
22.85346464,72.663431,WSNA-3
22.85947315,72.650882,WSNA-30
22.85118168,72.664259,WSNA-31
22.85005534,72.681807,WSNA-32
22.85297298,72.672283,WSNA-33
22.83802103,72.673426,WSNA-34
22.83657884,72.66831,WSNA-35
22.83511794,72.671008,WSNA-36
22.83345796,72.671324,WSNA-37
22.84202888,72.643551,WSNA-38
22.83356596,72.671337,WSNA-39
22.84577386,72.643215,WSNA-4
22.86642541,72.657487,WSNA-40
22.83769722,72.65221,WSNA-41
22.88198039,72.631831,WSNA-42
22.81833152,72.633972,WSNA-43
22.87510334,72.656024,WSNA-44
22.84025107,72.64831,WSNA-45
22.83548216,72.650743,WSNA-46
22.85295893,72.644983,WSNA-47
22.85152575,72.640461,WSNA-48
22.88048934,72.656037,WSNA-49
22.85885504,72.67399,WSNA-5
22.88022174,72.666318,WSNA-50
22.84095032,72.654812,WSNA-51
22.84842104,72.647778,WSNA-52
22.84536348,72.659057,WSNA-53
22.82151367,72.638021,WSNA-54
22.84662841,72.657382,WSNA-55
22.83509378,72.640969,WSNA-56
22.83135602,72.646895,WSNA-57
22.86927386,72.643554,WSNA-58
22.87783145,72.658925,WSNA-59
22.85177113,72.650105,WSNA-6
22.86635741,72.657562,WSNA-60
22.87142131,72.654985,WSNA-61
22.85825809,72.649345,WSNA-62
22.83800801,72.646935,WSNA-63
22.8325809,72.643926,WSNA-64
22.82600382,72.641714,WSNA-65
22.84517987,72.643395,WSNA-66
22.8446771,72.649334,WSNA-67
22.85089424,72.653072,WSNA-68
22.82966722,72.626799,WSNA-7
22.86245339,72.656973,WSNA-70
22.81828599,72.620796,WSNA-71
22.85922361,72.662731,WSNA-72
22.82560701,72.646544,WSNA-73
22.84232623,72.678715,WSNA-74
22.8292566,72.636376,WSNA-75
22.85428355,72.660963,WSNA-76
22.83143515,72.650321,WSNA-77
22.88224147,72.659363,WSNA-78
22.83486473,72.66537,WSNA-79
22.85329955,72.687564,WSNA-8
22.83718834,72.655244,WSNA-80
22.8855517,72.639741,WSNA-81
22.85300047,72.658941,WSNA-82
22.88220767,72.664568,WSNA-83
22.83533404,72.647603,WSNA-84
22.84838348,72.659134,WSNA-85
22.82316054,72.63472,WSNA-86
22.8439694,72.656965,WSNA-87
22.84425796,72.645605,WSNA-88
22.84280901,72.64701,WSNA-89
22.83954294,72.645024,WSNA-9
22.8460307,72.664934,WSNA-90
22.84142721,72.651974,WSNA-91
22.85448884,72.642691,WSNA-92
22.8554962,72.651965,WSNA-93
22.84932585,72.642852,WSNA-94
22.84886928,72.653969,WSNA-95
22.84797217,72.651158,WSNA-95-ML1
22.85495142,72.657657,WSNA-96
22.8543003,72.654666,WSNA-97
22.85097156,72.661164,WSNA-98
22.860868,72.646866,WSNA-99
22.88046856,72.661859,WTMN-1
22.86165158,72.636335,WTMN-3
22.82037759,72.635865,WVEL-1
22.86687795,72.698617,WVEL-2
22.81127553,72.634126,WVEL-2A
22.8466675,72.634074,WVEL-5
22.85191585,72.64296,WVEL-6
22.83790382,72.642037,
22.82795774,72.639726,
22.82473967,72.638033,
22.83554888,72.643516,
22.87741032,72.655483,
22.86421404,72.648021,
22.87592491,72.644916,
22.87587239,72.683542,
22.86263494,72.645401,
22.88460466,72.664497,
22.87743418,72.626453,
22.87197917,72.651584,
22.83705071,72.691645,
22.85135907,72.70162,
22.84572087,72.643389,
22.86617593,72.645343,
22.8267783,72.628615,
22.82408738,72.630693,
22.8607625,72.609555,
22.87028901,72.647337,
22.86807904,72.648211,
22.87066,72.64709,
22.85746194,72.645467,
22.855239,72.646755,
22.85425802,72.647259,
22.81922318,72.625544,
22.83106952,72.634194,
22.85491614,72.650456,
22.8475146,72.66218,
22.51300113,72.382738,
0,70.5112561,
23.23796824,72.634113,
23.20325205,72.653831,
23.20325205,72.653831,
0,70.5112561,
23.23380283,72.674665,
